"forecast_id","day_1","day_2","day_3","day_4","day_5","day_6","day_7","day_8","day_9","day_10"
1,0.570375978946686,0.563663184642792,0.569121956825256,0.395445704460144,0.426112651824951,0.715311467647552,0.5937659740448,0.402358174324036,0.611181378364563,0.358020752668381
2,0.522697329521179,0.573655843734741,0.428433120250702,0.453191250562668,0.707663118839264,0.58896404504776,0.381389290094376,0.525018632411957,0.338767021894455,0.352297425270081
3,0.524958074092865,0.419640064239502,0.454919904470444,0.707055389881134,0.554131031036377,0.430946677923203,0.54791533946991,0.335388869047165,0.365309923887253,0.478011548519135
4,0.414412021636963,0.468810081481934,0.735309362411499,0.565550088882446,0.417045921087265,0.522399961948395,0.363391846418381,0.372819602489471,0.470942109823227,0.731049120426178
5,0.435106962919235,0.665959775447845,0.533816158771515,0.431514203548431,0.49234664440155,0.360947459936142,0.359670341014862,0.459141284227371,0.666738867759705,0.656169176101685
6,0.708316743373871,0.577739238739014,0.426671475172043,0.498164623975754,0.3259496986866,0.343025326728821,0.446084320545197,0.611847877502441,0.580575823783875,0.541185200214386
7,0.58938330411911,0.426274597644806,0.514803946018219,0.351008594036102,0.301795125007629,0.470070242881775,0.690437138080597,0.671659052371979,0.55830329656601,0.398861199617386
8,0.42229613661766,0.518107116222382,0.376266539096832,0.374881029129028,0.503172397613525,0.629979074001312,0.630920708179474,0.50359308719635,0.441606730222702,0.524755537509918
9,0.537131130695343,0.381067126989365,0.366742342710495,0.465906739234924,0.746295690536499,0.6402667760849,0.583587467670441,0.452559590339661,0.553668439388275,0.400849878787994
10,0.352307438850403,0.380485653877258,0.495688855648041,0.648969650268555,0.609986305236816,0.559830844402313,0.406981080770493,0.544685363769531,0.397430628538132,0.609919428825378
11,0.384501099586487,0.484267830848694,0.665476739406586,0.617013216018677,0.543772399425507,0.462895810604095,0.536381423473358,0.434903174638748,0.642939329147339,0.615126252174377
12,0.463987976312637,0.702193200588226,0.606960535049438,0.563260972499847,0.423563957214355,0.569373965263367,0.363054156303406,0.648239016532898,0.664173066616058,0.657100319862366
13,0.638818323612213,0.56125408411026,0.534842967987061,0.416928082704544,0.557141244411469,0.356788009405136,0.587110757827759,0.604451656341553,0.610332071781158,0.625059843063354
14,0.605170965194702,0.570496499538422,0.422614485025406,0.536750733852386,0.383278220891953,0.655567824840546,0.677324652671814,0.672663390636444,0.618449151515961,0.541300594806671
15,0.597831189632416,0.417653322219849,0.6008420586586,0.402282476425171,0.677352786064148,0.695394456386566,0.682965159416199,0.590517163276672,0.588873147964478,0.651784241199493
16,0.489844083786011,0.6200270652771,0.440432697534561,0.664985716342926,0.60139387845993,0.599290311336517,0.595001757144928,0.55976003408432,0.61340594291687,0.635421335697174
17,0.617275416851044,0.393190622329712,0.737988591194153,0.69387936592102,0.72537636756897,0.662750780582428,0.604161024093628,0.654460310935974,0.75732696056366,0.83907288312912
18,0.383399367332458,0.733407199382782,0.71754401922226,0.762253165245056,0.657870709896088,0.629721760749817,0.639823257923126,0.746778428554535,0.762310266494751,0.793435633182526
19,0.704671025276184,0.681571662425995,0.640246093273163,0.643506765365601,0.616197049617767,0.573050081729889,0.71817535161972,0.800300419330597,0.713411748409271,0.580736398696899
20,0.677312076091766,0.647762060165405,0.648069202899933,0.570332229137421,0.537808418273926,0.719973027706146,0.758927822113037,0.704368710517883,0.60239177942276,0.569992184638977
21,0.693394958972931,0.677000761032104,0.592074632644653,0.60295307636261,0.712447702884674,0.737391889095306,0.738654494285583,0.621902942657471,0.617289185523987,0.577852368354797
22,0.699879348278046,0.669386029243469,0.649105668067932,0.797118663787842,0.735417068004608,0.769685208797455,0.706279337406158,0.664759755134583,0.634691774845123,0.610594034194946
23,0.63830429315567,0.594592750072479,0.799518644809723,0.777052104473114,0.716924130916595,0.594085454940796,0.585444748401642,0.527656018733978,0.515319108963013,0.448107361793518
24,0.57537567615509,0.811267733573914,0.795081496238708,0.768856048583984,0.560368120670319,0.652865469455719,0.589054346084595,0.522238552570343,0.382664650678635,0.468893647193909
25,0.762576997280121,0.78800356388092,0.737887024879456,0.538416981697083,0.628201603889465,0.585942149162292,0.549256920814514,0.332563132047653,0.481123089790344,0.7420414686203
26,0.824507594108582,0.810138583183289,0.558000385761261,0.592144846916199,0.565014481544495,0.569415807723999,0.360634595155716,0.508076071739197,0.800643146038055,0.800087988376617
27,0.769592106342316,0.565716862678528,0.629407465457916,0.586185276508331,0.533674836158752,0.340980559587479,0.523981690406799,0.729765295982361,0.819129645824432,0.598317384719849
28,0.539964318275452,0.533182382583618,0.531043410301208,0.513514220714569,0.386958539485931,0.506127655506134,0.728506922721863,0.78389322757721,0.608486890792847,0.649228572845459
29,0.567129194736481,0.530136168003082,0.505626082420349,0.381324946880341,0.51648473739624,0.729386448860168,0.80284857749939,0.649722039699554,0.663345754146576,0.481165438890457
30,0.557393372058868,0.520235657691956,0.364716082811356,0.546731770038605,0.676192820072174,0.828263938426971,0.670257031917572,0.671985149383545,0.440379858016968,0.483138918876648
31,0.498197793960571,0.388404279947281,0.527933239936829,0.701041042804718,0.739014208316803,0.571218490600586,0.584876835346222,0.440150201320648,0.4748115837574,0.742480218410492
32,0.366181045770645,0.517766654491425,0.710894227027893,0.819850742816925,0.714977860450745,0.703729152679443,0.456779479980469,0.516990661621094,0.722026228904724,0.818236649036407
33,0.654420495033264,0.753432750701904,0.80020546913147,0.611167013645172,0.670718550682068,0.451806902885437,0.554010152816772,0.772675037384033,0.834756135940552,0.785232722759247
34,0.716977059841156,0.733454346656799,0.678055286407471,0.703029215335846,0.514165341854095,0.536020517349243,0.75998443365097,0.787415206432343,0.785509407520294,0.832475483417511
35,0.750137627124786,0.629981875419617,0.632444500923157,0.508221089839935,0.530843377113342,0.738795638084412,0.777871251106262,0.735713124275208,0.733904719352722,0.612190425395966
36,0.598070979118347,0.611967504024506,0.459161072969437,0.515523254871368,0.776119470596313,0.819362282752991,0.698566138744354,0.728825569152832,0.623817145824432,0.423839807510376
37,0.63336992263794,0.423351317644119,0.529103994369507,0.820408999919891,0.807898104190826,0.720378637313843,0.7427077293396,0.734635472297668,0.414694786071777,0.728780090808868
38,0.615136444568634,0.60986191034317,0.833215713500977,0.639738917350769,0.666962027549744,0.653338313102722,0.608314514160156,0.408015817403793,0.777513802051544,0.77493804693222
39,0.694751739501953,0.900447964668274,0.743075370788574,0.681659996509552,0.726502537727356,0.68791002035141,0.433234751224518,0.698801219463348,0.768946588039398,0.639829695224762
40,0.781128108501434,0.65447473526001,0.668124318122864,0.732990384101868,0.637065291404724,0.433755099773407,0.710134148597717,0.788225769996643,0.710393309593201,0.592440843582153
41,0.744530558586121,0.636247336864471,0.651369214057922,0.587275683879852,0.45331272482872,0.703956127166748,0.681399643421173,0.704401135444641,0.589459836483002,0.573896646499634
42,0.776349425315857,0.78462553024292,0.536013305187225,0.401687800884247,0.664782464504242,0.675511956214905,0.73574310541153,0.563075244426727,0.556518793106079,0.522095561027527
43,0.877789437770844,0.586331069469452,0.419474244117737,0.632175743579865,0.675092816352844,0.73699027299881,0.582971453666687,0.608237445354462,0.494931936264038,0.476990938186646
44,0.49623516201973,0.39235445857048,0.632560610771179,0.708408951759338,0.765836119651794,0.63462370634079,0.591292560100555,0.504077792167664,0.539611220359802,0.856628179550171
45,0.365532726049423,0.595231771469116,0.738998711109161,0.777519822120667,0.609266042709351,0.600205719470978,0.525503158569336,0.490736722946167,0.671561360359192,0.764061331748962
46,0.586975932121277,0.747194051742554,0.823440968990326,0.660961627960205,0.600115716457367,0.511757910251617,0.498113751411438,0.667912900447845,0.704294264316559,0.820560693740845
47,0.732263207435608,0.765448093414307,0.660883247852325,0.585109949111938,0.509064257144928,0.539494097232819,0.733556568622589,0.695592164993286,0.726414799690247,0.713811695575714
48,0.827016651630402,0.63047856092453,0.552419185638428,0.547795236110687,0.485660225152969,0.723134338855743,0.678616404533386,0.925283014774323,0.730630040168762,0.648406565189362
49,0.63224196434021,0.596922218799591,0.52993106842041,0.503099620342255,0.691634297370911,0.68363493680954,0.825394988059998,0.71587872505188,0.618748128414154,0.588315725326538
50,0.611691296100616,0.487182229757309,0.511497497558594,0.739883422851562,0.707838296890259,0.825924634933472,0.742426574230194,0.615775108337402,0.628826081752777,0.721352756023407
51,0.557971477508545,0.544509530067444,0.961524784564972,0.664847314357758,0.73216438293457,0.620204389095306,0.58162659406662,0.581804156303406,0.602737665176392,0.572606444358826
52,0.531349778175354,0.752697229385376,0.653189241886139,0.692276656627655,0.717161357402802,0.679396390914917,0.587869584560394,0.621783256530762,0.575458586215973,0.750532746315002
53,0.892240643501282,0.719256699085236,0.76898068189621,0.713434278964996,0.635392606258392,0.575506687164307,0.64813643693924,0.663110971450806,0.778775691986084,1.04847431182861
54,0.765426099300385,0.861269176006317,0.630141496658325,0.660372078418732,0.637145698070526,0.660080313682556,0.647276878356934,0.849197030067444,1.00416898727417,0.715242862701416
55,0.751103162765503,0.648289442062378,0.602207362651825,0.571455180644989,0.58724707365036,0.606215298175812,0.829588949680328,1.01768898963928,0.700355172157288,0.618866622447968
56,0.650267422199249,0.63993489742279,0.621170520782471,0.538810133934021,0.549565970897675,0.72239875793457,0.957497894763947,0.770143508911133,0.610108852386475,0.501537024974823
57,0.568575084209442,0.537891209125519,0.585896134376526,0.551742255687714,0.824416697025299,0.87295925617218,0.76456356048584,0.667247295379639,0.503070950508118,0.517049551010132
58,0.597646534442902,0.688498735427856,0.642154574394226,0.800324022769928,0.893974781036377,0.757171630859375,0.637555062770844,0.546349883079529,0.533512234687805,0.40538215637207
59,0.667601823806763,0.64455109834671,0.740702688694,0.874213397502899,0.733510732650757,0.684771418571472,0.524224281311035,0.543044447898865,0.401781648397446,0.754725456237793
60,0.580108225345612,0.817068040370941,0.901783585548401,0.794121861457825,0.702979743480682,0.496644705533981,0.498836427927017,0.425165861845016,0.753158986568451,0.958695232868195
61,0.764174520969391,0.90417355298996,0.797884225845337,0.648842573165894,0.50424712896347,0.601508021354675,0.424711525440216,0.86176061630249,1.06759524345398,0.786022424697876
62,0.909935235977173,0.787366926670074,0.681932508945465,0.527998089790344,0.514583349227905,0.394673317670822,0.753522038459778,0.90906947851181,0.743848860263824,0.692530572414398
63,0.794841170310974,0.677212595939636,0.480441242456436,0.559775710105896,0.38194751739502,0.785169184207916,1.1382337808609,0.742017686367035,0.653547763824463,0.700566053390503
64,0.648578763008118,0.468312948942184,0.551023483276367,0.38558354973793,0.725844025611877,0.898377120494843,0.752776622772217,0.601563811302185,0.63123083114624,0.711392402648926
65,0.479836821556091,0.557573974132538,0.385070949792862,0.736656188964844,0.950804531574249,0.689972102642059,0.607207894325256,0.658016502857208,0.717536389827728,0.74911630153656
66,0.533991754055023,0.41346076130867,0.74823808670044,1.06540894508362,0.728843808174133,0.641260981559753,0.687830865383148,0.72549831867218,0.776242196559906,1.02447283267975
67,0.405617237091064,0.722925305366516,0.908192336559296,0.698143720626831,0.625196278095245,0.685465514659882,0.729570508003235,0.824778079986572,1.00457644462585,0.954417049884796
68,0.76813942193985,0.972009241580963,0.751911640167236,0.656404435634613,0.670668840408325,0.683746814727783,0.717022657394409,1.01527583599091,1.11329102516174,1.01708829402924
69,1.02311635017395,0.703420341014862,0.623640358448029,0.714365541934967,0.694465219974518,0.813553273677826,1.08039319515228,1.09953916072845,0.991108894348145,0.685583472251892
70,0.737612009048462,0.609274089336395,0.618407249450684,0.670400142669678,0.801353871822357,1.16501617431641,1.21663129329681,1.13368439674377,0.687083661556244,0.822955369949341
71,0.679744720458984,0.693807005882263,0.664844214916229,0.737133085727692,1.22368669509888,1.26963806152344,1.19171118736267,0.693301379680634,0.699326515197754,0.5118088722229
72,0.77731454372406,0.743271112442017,0.791277408599854,1.22032332420349,1.27597010135651,1.16198790073395,0.75564569234848,0.725196242332458,0.502134919166565,0.470074683427811
73,0.860952973365784,0.848648369312286,1.07533240318298,1.05070579051971,1.00449573993683,0.839554131031036,0.696779906749725,0.49527496099472,0.48594656586647,0.630751430988312
74,0.880504488945007,1.22360920906067,1.32953977584839,1.20439314842224,0.82135421037674,0.64813768863678,0.464467197656631,0.436178654432297,0.648922860622406,0.846334397792816
75,1.14004790782928,1.23240172863007,1.21068155765533,0.816753327846527,0.584209680557251,0.45482325553894,0.441881626844406,0.662583827972412,0.72388356924057,0.695513904094696
76,1.24072027206421,1.20604360103607,0.822512030601501,0.603331089019775,0.455830782651901,0.408205956220627,0.628145933151245,0.700938582420349,0.655537664890289,0.434412032365799
77,1.20796966552734,0.899475753307343,0.592389047145844,0.487585723400116,0.461515724658966,0.647713840007782,0.843936502933502,0.738225817680359,0.405364751815796,0.360552489757538
78,0.854184031486511,0.611486911773682,0.457491397857666,0.486548632383347,0.60455995798111,0.82475221157074,0.731553614139557,0.401502817869186,0.373548299074173,0.315156579017639
79,0.603508591651917,0.481802314519882,0.447751313447952,0.58490127325058,0.796665728092194,0.725492417812347,0.449033141136169,0.39221778512001,0.293986618518829,0.33387765288353
80,0.46219590306282,0.446227729320526,0.637413561344147,0.858502566814423,0.699688136577606,0.404879808425903,0.359092801809311,0.326523900032043,0.332444429397583,0.342920899391174
81,0.424678057432175,0.687598526477814,0.841681778430939,0.728215456008911,0.413721472024918,0.357734471559525,0.328662723302841,0.339049577713013,0.323036342859268,0.355453580617905
82,0.666635870933533,0.905008018016815,0.731141805648804,0.40694534778595,0.343974143266678,0.332969397306442,0.307440400123596,0.306247740983963,0.365175873041153,0.426797538995743
83,0.789094269275665,0.684473156929016,0.406944930553436,0.353545159101486,0.284390717744827,0.293496668338776,0.313910096883774,0.357349693775177,0.411336630582809,0.88604736328125
84,0.743891477584839,0.39395996928215,0.373411864042282,0.349394232034683,0.33716943860054,0.351094752550125,0.391625583171844,0.44798532128334,0.78499311208725,0.633346915245056
85,0.418388515710831,0.34409037232399,0.315337330102921,0.352534055709839,0.355258226394653,0.382548600435257,0.425237864255905,0.851452767848969,0.57521003484726,0.377860993146896
86,0.390279084444046,0.339538872241974,0.344992637634277,0.379635095596313,0.39936175942421,0.380361407995224,0.790081024169922,0.600382208824158,0.412934273481369,0.452706277370453
87,0.336425393819809,0.334767699241638,0.338636815547943,0.347494959831238,0.391161173582077,0.843104958534241,0.633200526237488,0.39360973238945,0.483739167451859,0.544226229190826
88,0.341239243745804,0.332350611686707,0.35162416100502,0.388049215078354,0.790955066680908,0.565344750881195,0.410224258899689,0.454666435718536,0.494036316871643,0.681577384471893
89,0.366241216659546,0.407140672206879,0.457929581403732,0.857333302497864,0.582045435905457,0.385061472654343,0.499287188053131,0.596377074718475,0.74569833278656,1.26321530342102
90,0.356868535280228,0.36893504858017,0.865960359573364,0.635468065738678,0.437637358903885,0.564973950386047,0.592706859111786,0.753064692020416,1.20364880561829,0.956931829452515
91,0.407865434885025,0.772282719612122,0.62662935256958,0.368225753307343,0.503879487514496,0.622004866600037,0.800640940666199,1.19995892047882,0.995173335075378,0.966153502464294
92,0.79303765296936,0.695598304271698,0.439006954431534,0.54434061050415,0.589629769325256,0.690932333469391,1.20196580886841,0.992777705192566,0.956522583961487,0.720359146595001
93,0.642007052898407,0.372572600841522,0.533086776733398,0.588991343975067,0.692891538143158,1.15637624263763,1.00950682163239,0.97696453332901,0.71612137556076,0.684800207614899
94,0.407609283924103,0.533325850963593,0.627143263816833,0.748559176921844,1.16376459598541,1.03019630908966,0.99807596206665,0.788759350776672,0.756059348583221,0.639362573623657
95,0.505540251731873,0.591536939144135,0.687516570091248,1.19413900375366,0.99587619304657,0.971864938735962,0.756570279598236,0.698881328105927,0.625161707401276,0.551118552684784
96,0.632602632045746,0.697686076164246,1.17067098617554,0.974242866039276,0.988268911838531,0.785880029201508,0.740840256214142,0.677837193012238,0.585273146629333,0.565683484077454
97,0.76697438955307,1.2039350271225,0.991684854030609,0.962278783321381,0.733905136585236,0.668619096279144,0.620005548000336,0.54594212770462,0.545314133167267,0.547064900398254
98,1.00587725639343,1.00699603557587,1.00003957748413,0.864485323429108,0.808683574199677,0.831398606300354,0.624311566352844,0.624219357967377,0.602288246154785,0.453662186861038
99,0.966263115406036,0.915146708488464,0.80731862783432,0.811159431934357,0.852864623069763,0.65161144733429,0.609826326370239,0.55275696516037,0.452138423919678,0.427294313907623
100,0.949382722377777,0.783542573451996,0.739850759506226,0.785675644874573,0.559116363525391,0.560263097286224,0.521180510520935,0.478209853172302,0.414013862609863,0.541573464870453
101,0.778734147548676,0.786991655826569,0.810529947280884,0.600069046020508,0.59829568862915,0.545339643955231,0.465761661529541,0.456931948661804,0.545215606689453,0.623669505119324
102,0.790548741817474,0.784593164920807,0.590057671070099,0.577293157577515,0.559200346469879,0.456499695777893,0.468462854623795,0.531646728515625,0.613840639591217,0.672345638275146
103,0.760375499725342,0.616008102893829,0.538716495037079,0.521703660488129,0.458292663097382,0.449529886245728,0.52503764629364,0.64145028591156,0.732758402824402,0.503295361995697
104,0.599431157112122,0.597459375858307,0.565054833889008,0.429183214902878,0.407715022563934,0.484973460435867,0.653159201145172,0.766424357891083,0.475609689950943,0.686469733715057
105,0.605359256267548,0.585233867168427,0.406524151563644,0.457886517047882,0.511191785335541,0.646337926387787,0.691518783569336,0.526799082756042,0.685455322265625,0.558532953262329
106,0.68377697467804,0.55594390630722,0.553228318691254,0.649662911891937,0.746928751468658,0.736893475055695,0.594602882862091,0.763382971286774,0.602223813533783,0.537138402462006
107,0.459522753953934,0.460433721542358,0.600286722183228,0.67841374874115,0.687791764736176,0.525170803070068,0.819045126438141,0.572781383991241,0.535951375961304,0.633846282958984
108,0.474326938390732,0.54817396402359,0.645746350288391,0.685318470001221,0.537711620330811,0.783146440982819,0.533571004867554,0.443989455699921,0.578458905220032,0.917373359203339
109,0.61833906173706,0.657394289970398,0.663361608982086,0.478268295526505,0.794405460357666,0.528815150260925,0.471948862075806,0.560226678848267,0.912951231002808,0.939482748508453
110,0.639194071292877,0.648128390312195,0.547618448734283,0.769074618816376,0.576571941375732,0.472451061010361,0.528151631355286,0.881669044494629,0.948296904563904,0.810770690441132
111,0.750088810920715,0.503155946731567,0.761563062667847,0.527089893817902,0.429526954889297,0.533799648284912,0.948909223079681,0.988374173641205,0.94322544336319,0.708032310009003
112,0.503366529941559,0.731187999248505,0.545146942138672,0.456736654043198,0.554286003112793,0.996631026268005,1.10414719581604,1.00042271614075,0.815207719802856,0.737862348556519
113,0.631005883216858,0.544816970825195,0.509320020675659,0.616921365261078,0.818730533123016,1.01871633529663,0.902736365795135,0.714674353599548,0.722759008407593,0.531847596168518
114,0.577344477176666,0.481577515602112,0.63268905878067,1.01509642601013,1.20527744293213,1.03650152683258,0.900192141532898,0.795277059078217,0.520547389984131,0.99614942073822
115,0.453158140182495,0.584239661693573,0.893213510513306,1.09533154964447,1.04773437976837,0.678294003009796,0.707265138626099,0.531582415103912,0.841685891151428,1.11046671867371
116,0.629734098911285,0.960972189903259,1.17230927944183,1.05357432365417,0.709998369216919,0.743928909301758,0.603559195995331,0.916814684867859,1.17739367485046,1.0654079914093
117,1.0047892332077,1.15699553489685,1.15975379943848,0.786110043525696,0.710700631141663,0.560570418834686,0.86483371257782,1.21044433116913,1.10311734676361,0.698364436626434
118,1.26497268676758,1.0357745885849,0.771702826023102,0.766237080097198,0.568176090717316,0.91555917263031,1.10655307769775,1.07073676586151,0.644411385059357,0.486943185329437
119,1.06837701797485,0.7244673371315,0.755409300327301,0.593399882316589,0.882252156734467,1.21875560283661,1.07591784000397,0.704807817935944,0.463397204875946,0.437516808509827
120,0.772057235240936,0.71601939201355,0.660457074642181,0.895293772220612,1.2472653388977,1.13626861572266,0.73114413022995,0.452659457921982,0.430979460477829,0.49335116147995
121,0.744030117988586,0.681442677974701,0.928086817264557,1.15645027160645,1.0885329246521,0.68792724609375,0.495146930217743,0.435454338788986,0.502333521842957,0.462540358304977
122,0.60619843006134,0.888132095336914,1.09282803535461,1.02648401260376,0.74915623664856,0.518704175949097,0.455573290586472,0.507995069026947,0.430534660816193,0.608107089996338
123,0.872115552425385,1.1095427274704,1.08036208152771,0.719638347625732,0.459691822528839,0.442342311143875,0.48564150929451,0.439393728971481,0.566138327121735,0.631756484508514
124,1.12635970115662,1.03247475624084,0.703681528568268,0.546240448951721,0.427444487810135,0.492576032876968,0.435250103473663,0.554371476173401,0.703566133975983,0.756859660148621
125,1.02168691158295,0.747497975826263,0.485641628503799,0.441142171621323,0.490172117948532,0.467607289552689,0.578120112419128,0.662530839443207,0.761281192302704,0.791584491729736
126,0.696343004703522,0.475169718265533,0.42686516046524,0.47028636932373,0.433612525463104,0.545650720596313,0.65443617105484,0.721221566200256,0.803360819816589,0.749183416366577
127,0.476740002632141,0.442266166210175,0.515829086303711,0.451446294784546,0.549665093421936,0.659725785255432,0.709043860435486,0.803460657596588,0.779738008975983,0.764682352542877
128,0.453432470560074,0.494437724351883,0.464607894420624,0.509799420833588,0.630444467067719,0.739557385444641,0.786853313446045,0.767718732357025,0.812550485134125,0.818914830684662
129,0.508580923080444,0.462082892656326,0.564945936203003,0.664879560470581,0.761714518070221,0.827657580375671,0.762716054916382,0.816512942314148,0.784532129764557,0.839238166809082
130,0.50404703617096,0.523727357387543,0.660530686378479,0.748348474502563,0.815683364868164,0.777908027172089,0.809505760669708,0.818343639373779,0.890635013580322,0.872587740421295
131,0.602997720241547,0.601822018623352,0.715873062610626,0.811994194984436,0.794163346290588,0.778942048549652,0.856817781925201,0.949057638645172,0.952618598937988,0.743878424167633
132,0.676096737384796,0.707699179649353,0.777631163597107,0.773734331130981,0.80913108587265,0.846832036972046,0.867027759552002,0.885780215263367,0.648438513278961,0.49017396569252
133,0.768932521343231,0.782048463821411,0.749563455581665,0.773316085338593,0.88316023349762,0.932353615760803,0.877514719963074,0.697027325630188,0.557936072349548,0.548885345458984
134,0.792940437793732,0.753741443157196,0.780608892440796,0.91897052526474,0.992270410060883,0.887042462825775,0.704314708709717,0.569948673248291,0.532207369804382,0.448496907949448
135,0.754458844661713,0.768059551715851,0.918183505535126,0.968774735927582,0.952034294605255,0.740659713745117,0.537147700786591,0.525107204914093,0.402221620082855,0.609399914741516
136,0.79822051525116,0.862413883209229,0.931652307510376,0.887072622776031,0.705309152603149,0.56493353843689,0.602500438690186,0.447170168161392,0.614777863025665,0.723328769207001
137,0.943082690238953,0.990320384502411,0.917688608169556,0.764916300773621,0.597470104694366,0.528536021709442,0.46978110074997,0.609404265880585,0.802525997161865,0.970058023929596
138,1.01347362995148,0.866227209568024,0.664081871509552,0.567721784114838,0.536282300949097,0.465503722429276,0.592074453830719,0.778201282024384,0.957444190979004,0.706964194774628
139,1.01754891872406,0.742488622665405,0.636147320270538,0.592873156070709,0.521083056926727,0.625230610370636,0.887809872627258,0.994198262691498,0.752575576305389,0.474253535270691
140,0.725546002388,0.573708772659302,0.587274551391602,0.485848397016525,0.615501940250397,0.845794558525085,0.983654022216797,0.819851875305176,0.535734236240387,0.600649178028107
141,0.51169228553772,0.518690347671509,0.455604046583176,0.60545825958252,0.799915432929993,0.903348207473755,0.767196774482727,0.510431826114655,0.608333468437195,0.470684885978699
142,0.576111078262329,0.532931745052338,0.596249043941498,0.79258131980896,0.955013811588287,0.736881852149963,0.503796398639679,0.575893640518188,0.48552817106247,0.445689231157303
143,0.491363734006882,0.629012286663055,0.807608544826508,0.868798732757568,0.771040380001068,0.543272733688354,0.609481155872345,0.49223068356514,0.457182735204697,0.423746705055237
144,0.594585180282593,0.791313529014587,0.960632264614105,0.757928550243378,0.547783553600311,0.635922908782959,0.460224717855453,0.430061161518097,0.430260062217712,0.721168696880341
145,0.784868776798248,0.939976036548615,0.759252965450287,0.508573234081268,0.620595872402191,0.471001863479614,0.450526684522629,0.438256591558456,0.691920936107635,0.565130233764648
146,0.893107712268829,0.753680050373077,0.517827272415161,0.59014093875885,0.488304138183594,0.432422697544098,0.395493358373642,0.72589099407196,0.59013831615448,0.534903049468994
147,0.69724452495575,0.498152554035187,0.64035552740097,0.489935159683228,0.441330581903458,0.43435201048851,0.779902935028076,0.593173384666443,0.531391799449921,0.7904412150383
148,0.52383941411972,0.644236922264099,0.495032757520676,0.469983398914337,0.437990337610245,0.73753434419632,0.585599541664124,0.501004695892334,0.746954083442688,0.488736033439636
149,0.624273777008057,0.488902539014816,0.464166402816772,0.420526713132858,0.724985241889954,0.603309452533722,0.538719058036804,0.671536684036255,0.58369916677475,0.653574287891388
150,0.505430817604065,0.502067029476166,0.433100581169128,0.72147923707962,0.535437226295471,0.536946892738342,0.785429000854492,0.608215689659119,0.627822399139404,0.898082077503204
151,0.562243819236755,0.465237021446228,0.786349475383759,0.62179434299469,0.551298439502716,0.767575621604919,0.587833225727081,0.655771911144257,0.890546381473541,0.959340870380402
152,0.394882768392563,0.774193406105042,0.614181756973267,0.543669879436493,0.801417708396912,0.538353800773621,0.579488694667816,0.940087735652924,0.939318716526031,0.778459250926971
153,0.767631709575653,0.570447623729706,0.556021451950073,0.708819270133972,0.525711238384247,0.592059671878815,0.940284550189972,0.919191181659698,0.830140829086304,0.804216086864471
154,0.618584394454956,0.613441526889801,0.882903039455414,0.581918716430664,0.674488604068756,0.987440764904022,0.913462936878204,0.972380936145782,0.874827027320862,0.677156031131744
155,0.576469838619232,0.830882489681244,0.621398746967316,0.678012251853943,0.957508087158203,0.982547760009766,0.906637251377106,0.828112125396729,0.684024214744568,0.511074364185333
156,0.88623058795929,0.596782028675079,0.693886697292328,0.977527260780334,1.18350827693939,0.972717046737671,0.918779373168945,0.713171005249023,0.494333237409592,0.615864455699921
157,0.589196026325226,0.719257712364197,1.01772379875183,1.08736538887024,0.980315446853638,0.891847610473633,0.665770769119263,0.496046006679535,0.606911420822144,1.05874180793762
158,0.643192648887634,1.03219068050385,1.1225174665451,1.03401112556458,0.896553635597229,0.694041907787323,0.467839777469635,0.583448946475983,1.14676976203918,1.62496912479401
159,0.983896315097809,1.06270253658295,0.917812407016754,0.845173716545105,0.724295854568481,0.446767926216125,0.56378185749054,1.05021035671234,1.62873208522797,0.959448993206024
160,1.1012008190155,0.97261244058609,0.756916105747223,0.686195135116577,0.488595902919769,0.618591845035553,1.02775490283966,1.50059795379639,1.04041767120361,0.961376428604126
161,0.999929308891296,0.901833117008209,0.731636881828308,0.538665056228638,0.657940328121185,1.16727149486542,1.37397050857544,1.11296916007996,1.06125485897064,0.918557941913605
162,0.840338349342346,0.701055347919464,0.550312459468842,0.594405829906464,1.10217893123627,1.1976660490036,1.09060525894165,0.965338349342346,0.804416954517365,0.590783536434174
163,0.728468120098114,0.529089331626892,0.545749723911285,1.13003218173981,1.24166595935822,0.998506724834442,0.976211488246918,0.794610142707825,0.587154626846313,0.592831313610077
164,0.509173154830933,0.572454988956451,1.14876675605774,1.29453313350677,0.981150984764099,0.939300179481506,0.77399730682373,0.589724719524384,0.582437634468079,0.733847618103027
165,0.598372042179108,1.15708148479462,1.22640001773834,1.04686760902405,1.00783812999725,0.830630302429199,0.556793868541718,0.52121913433075,0.774277091026306,0.895250082015991
166,1.09149646759033,1.36034691333771,0.994060516357422,0.982537508010864,0.789069175720215,0.508017063140869,0.496753543615341,0.699705064296722,0.935456693172455,0.573695600032806
167,1.31780087947845,1.0102903842926,1.00891840457916,0.765864253044128,0.555415272712708,0.573361158370972,0.674552738666534,0.884264409542084,0.533407986164093,0.661583125591278
168,0.953097522258759,0.939571261405945,0.773809671401978,0.534269690513611,0.571837842464447,0.645463824272156,0.804688215255737,0.558498084545135,0.687427818775177,0.533997416496277
169,0.90267413854599,0.772336006164551,0.569103538990021,0.612830638885498,0.706205308437347,0.746131837368011,0.645250499248505,0.652050316333771,0.549294710159302,0.545909643173218
170,0.785174906253815,0.625749945640564,0.667320311069489,0.71409410238266,0.859900951385498,0.624310314655304,0.663405299186707,0.567459344863892,0.552031517028809,0.634186685085297
171,0.590499818325043,0.567964017391205,0.685271859169006,0.94761198759079,0.624588489532471,0.706827819347382,0.564287543296814,0.571651756763458,0.594621658325195,0.581555664539337
172,0.624009072780609,0.823282182216644,0.914785385131836,0.646675646305084,0.691402018070221,0.570120573043823,0.540253818035126,0.687859952449799,0.68743109703064,0.85244232416153
173,0.727911233901978,0.84738552570343,0.581535696983337,0.635474920272827,0.564741671085358,0.530539214611053,0.587251305580139,0.623521029949188,0.842746138572693,0.836778283119202
174,0.867486834526062,0.604103624820709,0.721055030822754,0.518961429595947,0.559354662895203,0.630313515663147,0.637415289878845,0.866289973258972,0.885932266712189,0.822201490402222
175,0.615900993347168,0.645257830619812,0.549604594707489,0.571568250656128,0.638094127178192,0.682367265224457,0.822048842906952,0.864149570465088,0.844580888748169,0.809671103954315
176,0.667523503303528,0.591220498085022,0.591994166374207,0.704302847385406,0.647696375846863,0.904909670352936,0.88864129781723,0.813393950462341,0.836799561977386,0.891980767250061
177,0.579674065113068,0.612276554107666,0.69377213716507,0.657158017158508,0.865481913089752,0.861708998680115,0.751529633998871,0.829915821552277,0.800941109657288,0.778769552707672
178,0.56498372554779,0.67026036977768,0.693003416061401,0.956140041351318,0.890666007995605,0.818927705287933,0.900204837322235,0.903228223323822,0.851148307323456,0.872312605381012
179,0.637603342533112,0.650331318378448,0.883005976676941,0.86036080121994,0.820962190628052,0.795134484767914,0.815959692001343,0.816269338130951,0.79859721660614,0.761423230171204
180,0.637956142425537,0.845982313156128,0.907559812068939,0.827154159545898,0.835970163345337,0.803957939147949,0.786801338195801,0.791450560092926,0.759186625480652,0.767131268978119
181,0.783022165298462,0.895047545433044,0.82714968919754,0.786507964134216,0.812156558036804,0.764209985733032,0.803330957889557,0.833764135837555,0.826328158378601,0.799464881420135
182,0.914805114269257,0.83968859910965,0.8098304271698,0.804458200931549,0.765704870223999,0.790401458740234,0.82413238286972,0.82583099603653,0.777425825595856,0.753965556621552
183,0.798643946647644,0.830919742584229,0.835484623908997,0.836881279945374,0.832122564315796,0.829439878463745,0.823521018028259,0.766222357749939,0.713839113712311,0.742698013782501
184,0.728771150112152,0.725894629955292,0.748229682445526,0.748229682445526,0.749331772327423,0.771489918231964,0.778067409992218,0.765969812870026,0.751196563243866,0.662834703922272
185,0.796870648860931,0.768600881099701,0.79555207490921,0.788399934768677,0.834498107433319,0.805911123752594,0.730542540550232,0.688259243965149,0.664013743400574,0.79719066619873
186,0.774708032608032,0.769018292427063,0.77761721611023,0.786600112915039,0.78527420759201,0.769347131252289,0.756941318511963,0.655677616596222,0.829932451248169,0.922387957572937
187,0.736695289611816,0.739424765110016,0.733656048774719,0.717635452747345,0.721777021884918,0.709685981273651,0.674785673618317,0.797655940055847,0.824261784553528,0.675151944160461
188,0.736828088760376,0.736828088760376,0.731443762779236,0.699621081352234,0.710390567779541,0.691957950592041,0.699621081352234,0.730706572532654,0.691957950592041,0.705778360366821
189,0.717155158519745,0.717155158519745,0.717155158519745,0.717155158519745,0.697490751743317,0.716118693351746,0.742359638214111,0.697490751743317,0.704554677009583,0.704554677009583
190,0.746110916137695,0.730289399623871,0.759139657020569,0.661469519138336,0.727455139160156,0.799951791763306,0.683103501796722,0.688675880432129,0.721196591854095,0.655287802219391
191,0.707672357559204,0.700704216957092,0.673835039138794,0.741759419441223,0.777509152889252,0.69989275932312,0.724723875522614,0.718980967998505,0.681073248386383,0.677118957042694
192,0.74626636505127,0.651199460029602,0.855383515357971,0.898705780506134,0.627049148082733,0.736826777458191,0.676088511943817,0.625821650028229,0.592382252216339,0.770813167095184
193,0.684301257133484,0.773079872131348,0.775504410266876,0.691841125488281,0.710544049739838,0.702115178108215,0.661519587039948,0.652783513069153,0.694979429244995,0.798184871673584
194,0.817683100700378,0.80967366695404,0.68301922082901,0.734525620937347,0.722188651561737,0.646486163139343,0.608094573020935,0.744511485099792,0.786125004291534,0.735710144042969
195,0.814518690109253,0.712628245353699,0.76425039768219,0.691207826137543,0.659337818622589,0.640047788619995,0.704234838485718,0.796773374080658,0.74975597858429,0.685384809970856
196,0.67602002620697,0.720862984657288,0.716886043548584,0.691523551940918,0.643637299537659,0.73288768529892,0.853004992008209,0.728417158126831,0.699235022068024,0.663348734378815
197,0.699657082557678,0.696315407752991,0.547014594078064,0.54446291923523,0.786875128746033,0.81173449754715,0.762234330177307,0.637390375137329,0.600252330303192,0.546366512775421
198,0.70015811920166,0.568343162536621,0.562627494335175,0.808901429176331,0.78686112165451,0.769228160381317,0.659694194793701,0.619318544864655,0.577774941921234,0.610515654087067
199,0.540549159049988,0.539794087409973,0.764232933521271,0.799205362796783,0.732069492340088,0.635966420173645,0.572958707809448,0.531798422336578,0.608776926994324,0.794124960899353
200,0.577833592891693,0.77185446023941,0.817453920841217,0.765627980232239,0.653871834278107,0.585527777671814,0.557168066501617,0.620596587657928,0.910745441913605,0.7868772149086
201,0.79154634475708,0.808632373809814,0.763952970504761,0.577805995941162,0.549623310565948,0.536496520042419,0.611087322235107,0.821828126907349,0.785579562187195,0.750998497009277
202,0.761623978614807,0.739286839962006,0.61065286397934,0.603943526744843,0.569279253482819,0.629370212554932,0.779780089855194,0.751046657562256,0.726803243160248,0.6328284740448
203,0.740204393863678,0.667045831680298,0.639845311641693,0.651014745235443,0.660177826881409,0.753628015518188,0.748553335666656,0.732609689235687,0.684837520122528,0.751852989196777
204,0.581688463687897,0.508020222187042,0.4758720099926,0.598771452903748,0.81383752822876,0.826490700244904,0.75253963470459,0.540750205516815,0.713434457778931,0.580810129642487
205,0.54584264755249,0.536894500255585,0.591253638267517,0.845926284790039,0.785308957099915,0.774130702018738,0.615682482719421,0.723875880241394,0.609615325927734,0.606810986995697
206,0.550924003124237,0.5982586145401,0.862801253795624,0.79287576675415,0.76993316411972,0.625877678394318,0.75856214761734,0.608075737953186,0.626402378082275,0.859938383102417
207,0.550433993339539,0.927596092224121,0.818688690662384,0.758579790592194,0.578787207603455,0.733738780021667,0.599006712436676,0.665870249271393,0.957976341247559,0.96752518415451
208,0.827868521213531,0.847017168998718,0.758544027805328,0.545684099197388,0.750419080257416,0.560669302940369,0.605525195598602,0.93312805891037,0.993041515350342,0.789169728755951
209,0.806928336620331,0.735428810119629,0.541571319103241,0.715204119682312,0.611022174358368,0.638008534908295,0.860457539558411,0.876082003116608,0.780755341053009,0.625360667705536
210,0.73308277130127,0.639768719673157,0.72731351852417,0.586545765399933,0.622464001178741,0.785063028335571,0.816245496273041,0.71863180398941,0.676084995269775,0.754317820072174
211,0.596950531005859,0.7451251745224,0.566117107868195,0.600310921669006,0.818325638771057,0.943640351295471,0.806973695755005,0.675272285938263,0.723613560199738,0.536761701107025
212,0.724985718727112,0.597586810588837,0.602350950241089,0.877601206302643,0.945971012115479,0.755779087543488,0.637654066085815,0.751768290996552,0.516399919986725,0.5549196600914
213,0.550509393215179,0.587017893791199,0.859200179576874,0.928411483764648,0.793596625328064,0.639652490615845,0.706018507480621,0.50963431596756,0.585314273834229,0.633795082569122
214,0.60758376121521,0.880474627017975,0.852127194404602,0.773581802845001,0.657836675643921,0.701609790325165,0.571876883506775,0.625988006591797,0.695959091186523,0.987408876419067
215,0.856015682220459,0.983107388019562,0.768501043319702,0.60561341047287,0.667812943458557,0.504690825939178,0.568166494369507,0.683441400527954,0.952172994613647,1.21353125572205
216,0.995330929756165,0.762081861495972,0.660227417945862,0.742732167243958,0.518738329410553,0.502242088317871,0.716803193092346,1.09829390048981,1.17208302021027,0.830165684223175
217,0.808085739612579,0.659922957420349,0.732075273990631,0.56954675912857,0.640125632286072,0.669197797775269,0.858472883701324,1.07595777511597,0.757287621498108,0.703147172927856
218,0.608476877212524,0.712417721748352,0.468404352664948,0.541356027126312,0.655967354774475,1.08853852748871,1.08677291870117,0.779159128665924,0.659287869930267,0.541797459125519
219,0.678209483623505,0.479817539453506,0.511570751667023,0.650704205036163,1.05132663249969,1.16209709644318,0.803245425224304,0.731947362422943,0.542147755622864,0.630397915840149
220,0.483283847570419,0.463610053062439,0.681313753128052,0.932403266429901,1.09683191776276,0.738597393035889,0.70249205827713,0.573623657226562,0.719690084457397,0.948333382606506
221,0.581385910511017,0.69262170791626,0.994065642356873,1.10388374328613,0.740431487560272,0.725105702877045,0.481616526842117,0.653464257717133,0.792036533355713,1.07912468910217
222,0.724172055721283,0.905997455120087,1.20460796356201,0.808159112930298,0.645002543926239,0.522224426269531,0.690799713134766,1.07567691802979,1.25432968139648,0.806302607059479
223,1.09891819953918,1.15254807472229,0.830003619194031,0.721608877182007,0.520905554294586,0.590300977230072,1.00194656848907,1.0813729763031,0.869693160057068,0.769205629825592
224,1.0696028470993,0.800494849681854,0.679635643959045,0.533462703227997,0.648356854915619,0.96065479516983,1.03508591651917,0.695736706256866,0.718883872032166,0.644720196723938
225,0.770127475261688,0.661342620849609,0.490807205438614,0.649326086044312,0.881550967693329,1.10728096961975,0.74716854095459,0.668866634368896,0.586846828460693,0.426363587379456
226,0.658634305000305,0.533479630947113,0.640662252902985,0.932590782642365,1.11742603778839,0.92255687713623,0.798448920249939,0.772940218448639,0.433860123157501,0.593153655529022
227,0.497778475284576,0.654497265815735,0.944307267665863,0.977849185466766,0.859139561653137,0.716170251369476,0.671903610229492,0.458186358213425,0.591789305210114,0.93973183631897
228,0.621221959590912,0.899534463882446,1.13306605815887,0.873985648155212,0.794394671916962,0.681684792041779,0.418760269880295,0.590401113033295,1.00688552856445,0.999533116817474
229,0.900732755661011,0.998044848442078,0.865521252155304,0.760939300060272,0.67368483543396,0.456870645284653,0.565933525562286,0.8700892329216,0.987048327922821,0.778311312198639
230,1.13476705551147,0.824082851409912,0.684425055980682,0.667426228523254,0.518050611019135,0.662651360034943,0.824081897735596,0.927789151668549,0.78831946849823,0.657105267047882
231,0.735352635383606,0.64452850818634,0.57586395740509,0.455417811870575,0.549374520778656,0.820380806922913,0.864962339401245,0.711414754390717,0.604465365409851,0.612071752548218
232,0.730464220046997,0.628571629524231,0.518783986568451,0.560453295707703,0.776550948619843,0.93207848072052,0.72260308265686,0.612342357635498,0.537426650524139,0.574811577796936
233,0.677501559257507,0.611664712429047,0.6697216629982,0.868849873542786,0.910190343856812,0.697362542152405,0.651639878749847,0.58033812046051,0.60360324382782,0.537835896015167
234,0.491140097379684,0.620128750801086,0.871728360652924,1.00218343734741,0.779776275157928,0.657759189605713,0.606908440589905,0.480071038007736,0.541939496994019,0.645038962364197
235,0.62954705953598,0.855978310108185,0.937143743038177,0.700055956840515,0.651340425014496,0.585556387901306,0.552328586578369,0.526425123214722,0.634396553039551,0.728826761245728
236,0.855912685394287,0.954899430274963,0.704591453075409,0.641975402832031,0.591046929359436,0.521075546741486,0.594089984893799,0.704990327358246,0.794759511947632,0.774873077869415
237,0.838592708110809,0.791663646697998,0.6363285779953,0.562137424945831,0.584072709083557,0.578940153121948,0.694465637207031,0.74754410982132,0.774299323558807,0.647125542163849
238,0.74564003944397,0.611155688762665,0.649749636650085,0.460896372795105,0.469440311193466,0.64190536737442,0.92532467842102,0.854022324085236,0.701528489589691,0.634811758995056
239,0.613733887672424,0.556067943572998,0.51607608795166,0.570655882358551,0.626403748989105,0.747395575046539,0.83847975730896,0.677844524383545,0.645610928535461,0.554039001464844
240,0.675807178020477,0.463569909334183,0.496636539697647,0.590412139892578,0.981519103050232,0.837380647659302,0.657590210437775,0.690499901771545,0.599554061889648,0.570332825183868
241,0.554640173912048,0.594949007034302,0.635479927062988,0.705441117286682,0.771844565868378,0.671973288059235,0.644334554672241,0.602083146572113,0.651511490345001,0.845941603183746
242,0.536129176616669,0.577572107315063,0.789181172847748,0.820696711540222,0.659768044948578,0.61646443605423,0.532711625099182,0.552150309085846,0.88159316778183,1.20542740821838
243,0.587748885154724,0.716699540615082,0.801493167877197,0.698031306266785,0.646823823451996,0.609508395195007,0.613205254077911,0.835755586624146,1.03484225273132,0.93678891658783
244,0.749983370304108,0.854664146900177,0.671446621417999,0.647086799144745,0.522054433822632,0.60420173406601,0.859041810035706,1.08880853652954,1.03129363059998,0.705798149108887
245,0.831807374954224,0.671655118465424,0.653460621833801,0.629683315753937,0.622450888156891,0.961306035518646,1.10144257545471,0.956299304962158,0.691523849964142,0.707568049430847
246,0.671950817108154,0.679468810558319,0.586925446987152,0.589566349983215,0.95145970582962,1.12109673023224,1.045569896698,0.745324373245239,0.684342384338379,0.577633857727051
247,0.65180766582489,0.553941369056702,0.611567437648773,0.865679979324341,1.04368209838867,0.937546193599701,0.709153473377228,0.682983458042145,0.600776851177216,0.605266273021698
248,0.583965063095093,0.614043653011322,0.893473327159882,1.09612917900085,1.0120837688446,0.704392373561859,0.701469600200653,0.572940289974213,0.588059306144714,0.751305401325226
249,0.662250697612762,0.873273849487305,1.08867704868317,1.02468323707581,0.724558234214783,0.701767027378082,0.55719131231308,0.541628956794739,0.759826064109802,0.787766814231873
250,0.833661079406738,0.887696385383606,0.881304144859314,0.697252750396729,0.678760826587677,0.536284267902374,0.527342796325684,0.758915901184082,0.74351567029953,0.722826838493347
251,0.918711006641388,0.911740958690643,0.681862592697144,0.672290086746216,0.569332778453827,0.548257350921631,0.721960484981537,0.747515738010406,0.696946799755096,0.715021312236786
252,0.939737677574158,0.723165094852448,0.642029643058777,0.54242992401123,0.553649067878723,0.78992223739624,0.731789350509644,0.72950541973114,0.686970770359039,0.54688036441803
253,0.683326780796051,0.669037222862244,0.556079804897308,0.535881519317627,0.771798431873322,0.763422548770905,0.701525509357452,0.714619576931,0.578460097312927,0.542402803897858
254,0.697712779045105,0.610722482204437,0.583715200424194,0.798767507076263,0.750511229038239,0.725603520870209,0.731757283210754,0.622115075588226,0.558607935905457,0.600910067558289
255,0.57780921459198,0.571398913860321,0.80478036403656,0.751563310623169,0.668099820613861,0.668797731399536,0.570795297622681,0.541361808776855,0.576046824455261,0.924476623535156
256,0.618686497211456,0.736853837966919,0.733397364616394,0.662188827991486,0.675744712352753,0.561018764972687,0.525605916976929,0.536583304405212,0.820033073425293,0.769756734371185
257,0.760568678379059,0.745468497276306,0.673279881477356,0.683655202388763,0.602305710315704,0.553673028945923,0.532430708408356,0.831207096576691,0.773688077926636,0.608810186386108
258,0.712853133678436,0.666126191616058,0.671794831752777,0.548370778560638,0.525906801223755,0.54975414276123,0.902614295482635,0.74418181180954,0.617743909358978,0.559147000312805
259,0.717353820800781,0.660393238067627,0.52229517698288,0.483805567026138,0.511782705783844,0.933089256286621,0.779259204864502,0.583874702453613,0.534801065921783,0.515176892280579
260,0.692373871803284,0.502666175365448,0.421119898557663,0.534116744995117,0.96209317445755,0.78099775314331,0.514298617839813,0.495682924985886,0.501391410827637,0.463656783103943
261,0.552156031131744,0.480021774768829,0.504930257797241,0.869594514369965,0.829285860061646,0.56175708770752,0.527695417404175,0.526401579380035,0.547396302223206,0.636773705482483
262,0.47505709528923,0.546790838241577,0.94123911857605,0.882469475269318,0.5940802693367,0.540912508964539,0.531262397766113,0.525454878807068,0.618029296398163,0.664544582366943
263,0.463269621133804,0.849177658557892,0.793330550193787,0.579480767250061,0.482345432043076,0.516954779624939,0.512003123760223,0.616219580173492,0.71004056930542,0.870474934577942
264,0.873858571052551,0.717251598834991,0.532520949840546,0.505851924419403,0.482624441385269,0.466607928276062,0.535970568656921,0.568721830844879,0.795594036579132,0.78982424736023
265,0.815084218978882,0.531247854232788,0.513480007648468,0.490392118692398,0.504571259021759,0.53475946187973,0.622158586978912,0.930692672729492,0.848041594028473,0.54705160856247
266,0.545149803161621,0.51105922460556,0.523995935916901,0.523506581783295,0.49589017033577,0.592014849185944,0.833189249038696,0.860644817352295,0.574696004390717,0.534797847270966
267,0.526110529899597,0.479755640029907,0.49354562163353,0.466524571180344,0.607222080230713,0.813927829265594,0.765681862831116,0.566132664680481,0.501088500022888,0.487013757228851
268,0.513759553432465,0.535735070705414,0.61199539899826,0.639130234718323,0.827719151973724,0.734631717205048,0.605472505092621,0.497864305973053,0.493419080972672,0.524646043777466
269,0.551566958427429,0.623289704322815,0.706047713756561,0.860033273696899,0.854662001132965,0.595261931419373,0.506361424922943,0.525799632072449,0.574781775474548,0.588689148426056
270,0.550961494445801,0.652430295944214,0.88830840587616,0.809342861175537,0.593897759914398,0.498703509569168,0.43897020816803,0.496669769287109,0.528502762317657,0.598918616771698
271,0.614172637462616,0.824097871780396,0.782342195510864,0.585732936859131,0.525702595710754,0.441128879785538,0.525982201099396,0.569249272346497,0.643864870071411,0.6172736287117
272,0.844411790370941,0.797207593917847,0.607572972774506,0.543101668357849,0.4119573533535,0.543137609958649,0.610143661499023,0.601021409034729,0.612526714801788,0.664809703826904
273,0.773366034030914,0.580072700977325,0.522370874881744,0.41445055603981,0.535528481006622,0.561005055904388,0.59015691280365,0.578256905078888,0.62662398815155,0.541420042514801
274,0.569191992282867,0.523564279079437,0.466640502214432,0.556002199649811,0.633915960788727,0.63165408372879,0.587619960308075,0.657148778438568,0.541029751300812,0.481129765510559
275,0.501034736633301,0.440933257341385,0.500748932361603,0.597663998603821,0.622664093971252,0.622122168540955,0.582029402256012,0.518219888210297,0.481106907129288,0.527522683143616
276,0.415478825569153,0.57876467704773,0.624279916286469,0.647150099277496,0.581298589706421,0.630093812942505,0.552485287189484,0.453384459018707,0.587113201618195,0.597314298152924
277,0.502706527709961,0.644589960575104,0.588941693305969,0.577421426773071,0.667419672012329,0.520061254501343,0.489986538887024,0.575949132442474,0.591606676578522,0.625976026058197
278,0.56443589925766,0.584277868270874,0.564947307109833,0.64472633600235,0.546874165534973,0.469077080488205,0.524271607398987,0.571906268596649,0.570777952671051,0.573406219482422
279,0.603138267993927,0.537996411323547,0.609376490116119,0.530670046806335,0.475842475891113,0.579201817512512,0.615345120429993,0.648405015468597,0.571475386619568,0.540727913379669
280,0.623256981372833,0.63471794128418,0.500820338726044,0.473876625299454,0.522411048412323,0.559765219688416,0.635728418827057,0.589094281196594,0.543752431869507,0.564903616905212
281,0.66239207983017,0.47759884595871,0.461409389972687,0.508659243583679,0.537798225879669,0.560256659984589,0.530937492847443,0.49254721403122,0.566420614719391,0.490019053220749
282,0.498821318149567,0.447691410779953,0.485509812831879,0.535205245018005,0.58370977640152,0.524290204048157,0.503157377243042,0.57566910982132,0.52008843421936,0.546024858951569
283,0.467708200216293,0.535784423351288,0.575493454933167,0.625247955322266,0.540514588356018,0.509492754936218,0.544397294521332,0.501837730407715,0.509210467338562,0.55639111995697
284,0.535638511180878,0.542837977409363,0.667935848236084,0.585927546024323,0.549085378646851,0.596123158931732,0.532914280891418,0.52290689945221,0.507038831710815,0.583222270011902
285,0.55051839351654,0.587146818637848,0.588762998580933,0.570015370845795,0.53887540102005,0.456609457731247,0.540357351303101,0.566664934158325,0.654509484767914,0.617125630378723
286,0.595309972763062,0.564961135387421,0.544637739658356,0.573239207267761,0.5223708152771,0.503130257129669,0.517041265964508,0.625485837459564,0.553813576698303,0.548494577407837
287,0.564392805099487,0.527099788188934,0.552863299846649,0.479682177305222,0.522694230079651,0.528895676136017,0.565192818641663,0.534265100955963,0.540702819824219,0.540273785591125
288,0.567067801952362,0.604095637798309,0.526345729827881,0.544967710971832,0.601867496967316,0.653459072113037,0.577828466892242,0.600983798503876,0.589948892593384,0.493287533521652
289,0.598538517951965,0.525392532348633,0.525691211223602,0.566225111484528,0.640126347541809,0.616722702980042,0.621934115886688,0.546542227268219,0.513553142547607,0.777651786804199
290,0.493764966726303,0.538431286811829,0.560723006725311,0.578467607498169,0.551248073577881,0.522481441497803,0.522062838077545,0.464084535837173,0.753330647945404,0.865066945552826
291,0.573945701122284,0.580341160297394,0.632100224494934,0.583653748035431,0.559427618980408,0.555581629276276,0.461422085762024,0.696712970733643,0.842922687530518,0.766284227371216
292,0.590381860733032,0.626626431941986,0.591245830059052,0.594429194927216,0.552962183952332,0.496722429990768,0.751827120780945,0.893372714519501,0.762890160083771,0.709286153316498
293,0.634568214416504,0.561585187911987,0.587165176868439,0.55196613073349,0.449291825294495,0.755224347114563,0.775080561637878,0.749878764152527,0.672113239765167,0.579839944839478
294,0.559620141983032,0.562008261680603,0.550509989261627,0.483009546995163,0.73118793964386,0.889850318431854,0.771304965019226,0.731886029243469,0.565082371234894,0.515437126159668
295,0.504402697086334,0.488800376653671,0.497812151908875,0.735862851142883,0.841566622257233,0.761178612709045,0.767744064331055,0.511408865451813,0.514082610607147,0.501150548458099
296,0.506661832332611,0.444570958614349,0.723805248737335,0.84208744764328,0.728706657886505,0.65531861782074,0.558183670043945,0.528009116649628,0.477058351039886,0.509089231491089
297,0.552233040332794,0.741147637367249,0.833634078502655,0.7357217669487,0.689442574977875,0.550439894199371,0.544350385665894,0.510948300361633,0.566474616527557,0.59752744436264
298,0.755921006202698,0.814248621463776,0.738472044467926,0.672106444835663,0.533361792564392,0.508430242538452,0.493162155151367,0.550126016139984,0.589557945728302,0.536663711071014
299,0.86015373468399,0.813395380973816,0.762885749340057,0.544128060340881,0.460461407899857,0.440855413675308,0.489180505275726,0.494225561618805,0.453141301870346,0.472699403762817
300,0.727860331535339,0.662335813045502,0.547590553760529,0.492910802364349,0.437334626913071,0.5074063539505,0.510812759399414,0.457796424627304,0.477354645729065,0.515013635158539
301,0.702259600162506,0.546979963779449,0.493165969848633,0.470560014247894,0.494196861982346,0.526336550712585,0.507745265960693,0.477377265691757,0.519576251506805,0.471163809299469
302,0.549850523471832,0.499759793281555,0.437842726707458,0.502332210540771,0.545499205589294,0.530108630657196,0.503930747509003,0.54109787940979,0.511671125888824,0.413228094577789
303,0.477616131305695,0.490289717912674,0.525958955287933,0.540356040000916,0.498588591814041,0.476927906274796,0.493415057659149,0.469331055879593,0.463308602571487,0.50048154592514
304,0.440487086772919,0.509945869445801,0.546591758728027,0.557565808296204,0.533092975616455,0.552932024002075,0.514744341373444,0.437469840049744,0.557939946651459,0.899785101413727
305,0.44696056842804,0.503152310848236,0.46854966878891,0.498338550329208,0.519971787929535,0.474111646413803,0.422744244337082,0.500261068344116,0.767335832118988,0.761573135852814
306,0.503355324268341,0.465351819992065,0.480366766452789,0.490828931331635,0.485207140445709,0.469910651445389,0.545112550258636,0.840067088603973,0.800193905830383,0.528955101966858
307,0.440189272165298,0.480094909667969,0.474749058485031,0.446656346321106,0.401015102863312,0.463867843151093,0.774054646492004,0.776833534240723,0.566130697727203,0.508588433265686
308,0.472650825977325,0.510368645191193,0.501515746116638,0.432489931583405,0.502855241298676,0.814106523990631,0.800605535507202,0.527062356472015,0.490636676549911,0.551786243915558
309,0.456258922815323,0.471382617950439,0.409120112657547,0.465644299983978,0.754320681095123,0.82406610250473,0.539991796016693,0.437400460243225,0.527003824710846,0.432081401348114
310,0.524057924747467,0.435320526361465,0.514208734035492,0.802984416484833,0.778557419776917,0.523218810558319,0.511107861995697,0.539097487926483,0.42952024936676,0.523356139659882
311,0.437918275594711,0.522238433361053,0.770267844200134,0.78917646408081,0.558755993843079,0.506502449512482,0.544760227203369,0.444892168045044,0.506442368030548,0.520611941814423
312,0.47904235124588,0.718541264533997,0.752621293067932,0.501689732074738,0.44587042927742,0.529287874698639,0.472769945859909,0.457112610340118,0.453913480043411,0.546418190002441
313,0.69577032327652,0.725703656673431,0.515815377235413,0.456053763628006,0.495571345090866,0.42367160320282,0.510034322738647,0.511645078659058,0.507054269313812,0.472423523664474
314,0.824221014976501,0.47925940155983,0.407136678695679,0.524024367332458,0.470459520816803,0.421782940626144,0.470283061265945,0.484652161598206,0.410105973482132,0.412428617477417
315,0.483837246894836,0.38526177406311,0.511087536811829,0.454866915941238,0.414312958717346,0.430696159601212,0.470148205757141,0.371716022491455,0.377946257591248,0.378070026636124
316,0.434898197650909,0.539968907833099,0.441589027643204,0.411935925483704,0.434333115816116,0.511400401592255,0.424924671649933,0.412385910749435,0.422885537147522,0.385907977819443
317,0.499920397996902,0.494493395090103,0.459240972995758,0.465102225542068,0.509417653083801,0.396647095680237,0.405679017305374,0.387583017349243,0.38713264465332,0.391992717981339
318,0.503166079521179,0.452292680740356,0.466283768415451,0.504698991775513,0.444971799850464,0.440342277288437,0.420598655939102,0.395780950784683,0.418855488300323,0.457733720541
319,0.366331517696381,0.442547261714935,0.487708985805511,0.451692968606949,0.415440708398819,0.409173041582108,0.356558382511139,0.369109660387039,0.418226897716522,0.485300689935684
320,0.416523367166519,0.470685869455338,0.384267807006836,0.394008219242096,0.343277633190155,0.325277507305145,0.362592667341232,0.390026330947876,0.481628775596619,0.446074098348618
321,0.528299868106842,0.418279021978378,0.383057355880737,0.390304952859879,0.380958408117294,0.373828321695328,0.383883029222488,0.477517187595367,0.434141576290131,0.420903921127319
322,0.412436932325363,0.423571795225143,0.394204378128052,0.321241676807404,0.393062621355057,0.389978498220444,0.49004340171814,0.441235542297363,0.377147942781448,0.321238130331039
323,0.385405421257019,0.365059494972229,0.390481472015381,0.380454659461975,0.3907530605793,0.467794299125671,0.386690616607666,0.405231028795242,0.350163757801056,0.330869525671005
324,0.365933656692505,0.358131319284439,0.399061053991318,0.397221058607101,0.439047992229462,0.420468926429749,0.376047879457474,0.356578022241592,0.325932055711746,0.344424396753311
325,0.345342129468918,0.386393010616302,0.403213620185852,0.427459955215454,0.365654736757278,0.330209642648697,0.316196322441101,0.313465178012848,0.414477646350861,0.391666918992996
326,0.39309173822403,0.438395619392395,0.464659214019775,0.372464060783386,0.363171577453613,0.350854992866516,0.348540902137756,0.445660471916199,0.374642580747604,0.41579532623291
327,0.393468737602234,0.458886235952377,0.39297804236412,0.375714957714081,0.343169271945953,0.31989660859108,0.388203501701355,0.344592928886414,0.374152630567551,0.449176996946335
328,0.466674327850342,0.385970771312714,0.397286415100098,0.393020659685135,0.384930402040482,0.375456869602203,0.36002191901207,0.391354143619537,0.426787853240967,0.387024968862534
329,0.367397338151932,0.369319409132004,0.345945239067078,0.345978319644928,0.404746353626251,0.382387816905975,0.437507420778275,0.448363721370697,0.488190233707428,0.426977664232254
330,0.370541751384735,0.388762772083282,0.382005244493484,0.384905397891998,0.358637183904648,0.388763934373856,0.441219210624695,0.431635528802872,0.378067284822464,0.378021985292435
331,0.364031702280045,0.342147558927536,0.402529090642929,0.389300763607025,0.432342559099197,0.445690512657166,0.432026863098145,0.407801151275635,0.38517814874649,0.441139787435532
332,0.360697090625763,0.509801626205444,0.409148961305618,0.436578869819641,0.485666573047638,0.449331641197205,0.424386560916901,0.393023401498795,0.423613101243973,0.428332030773163
333,0.46096795797348,0.430842936038971,0.397208869457245,0.447776407003403,0.397381871938705,0.380760252475739,0.392562836408615,0.407390356063843,0.421386241912842,0.558713555335999
334,0.409836858510971,0.435080975294113,0.499324530363083,0.419373512268066,0.41174253821373,0.381164252758026,0.396512687206268,0.391377598047256,0.566563069820404,0.501432180404663
335,0.394604444503784,0.452327638864517,0.371537327766418,0.382340520620346,0.367461860179901,0.377008855342865,0.371734082698822,0.543366432189941,0.496803879737854,0.373950898647308
336,0.489284187555313,0.395779609680176,0.403520226478577,0.359325736761093,0.419510900974274,0.397884905338287,0.572988927364349,0.511472761631012,0.393403768539429,0.485268712043762
337,0.417112916707993,0.401086091995239,0.386559575796127,0.422746419906616,0.437452614307404,0.59358686208725,0.490292489528656,0.378191620111465,0.448692470788956,0.396582871675491
338,0.370572984218597,0.410696029663086,0.420750051736832,0.387812495231628,0.534563302993774,0.48300376534462,0.381308108568192,0.473806619644165,0.441797286272049,0.596085369586945
339,0.348750472068787,0.427567034959793,0.421208620071411,0.539668440818787,0.482897937297821,0.344020843505859,0.428348451852798,0.401473313570023,0.613257229328156,0.563437879085541
340,0.40772157907486,0.398147016763687,0.546559691429138,0.503959774971008,0.355921149253845,0.463171303272247,0.45763823390007,0.591519594192505,0.623322784900665,0.848031878471375
341,0.400100976228714,0.550150573253632,0.497969269752502,0.385948926210403,0.468678295612335,0.456930547952652,0.598784863948822,0.56562465429306,0.81330418586731,0.677072584629059
342,0.563344478607178,0.532368361949921,0.379670649766922,0.472944110631943,0.476619690656662,0.603621780872345,0.565463781356812,0.832739949226379,0.669290006160736,0.573379337787628
343,0.48693972826004,0.372212558984756,0.433111935853958,0.423459380865097,0.581740260124207,0.598284959793091,0.817293703556061,0.719958961009979,0.5999835729599,0.629991054534912
344,0.369904100894928,0.43427437543869,0.446329176425934,0.6187824010849,0.544521570205688,0.872366487979889,0.711055815219879,0.592714190483093,0.566342949867249,0.349869638681412
345,0.449982315301895,0.46571958065033,0.642642021179199,0.555000305175781,0.810963273048401,0.784491181373596,0.629113793373108,0.613197982311249,0.389953225851059,0.447785317897797
346,0.506456613540649,0.589599013328552,0.554027140140533,0.856081247329712,0.697673380374908,0.614481270313263,0.605513274669647,0.394190847873688,0.431990087032318,0.578890025615692
347,0.618026733398438,0.559752941131592,0.861906111240387,0.698756277561188,0.576129019260406,0.595141768455505,0.376717060804367,0.432418018579483,0.58827668428421,0.804286479949951
348,0.559277594089508,0.831165313720703,0.688425242900848,0.570408225059509,0.628040909767151,0.389837890863419,0.424684166908264,0.535803973674774,0.786576867103577,0.615173280239105
349,0.8409144282341,0.68604189157486,0.635538041591644,0.570775508880615,0.36874184012413,0.474675565958023,0.559211432933807,0.81683760881424,0.696530938148499,0.550426244735718
350,0.715242087841034,0.605303466320038,0.615002870559692,0.393454343080521,0.460016459226608,0.579652309417725,0.782548725605011,0.680193305015564,0.624523401260376,0.474482804536819
351,0.596196055412292,0.644908010959625,0.364180475473404,0.411860913038254,0.578488707542419,0.792050302028656,0.674016654491425,0.57188206911087,0.487935453653336,0.476474165916443
352,0.614602088928223,0.355997443199158,0.413634389638901,0.570589065551758,0.729228079319,0.674025654792786,0.551977336406708,0.478540420532227,0.500943243503571,0.610848367214203
353,0.371226042509079,0.443382889032364,0.59775960445404,0.790343701839447,0.715778648853302,0.560122966766357,0.475285142660141,0.47427362203598,0.593165040016174,0.822733342647552
354,0.456018775701523,0.605134844779968,0.758363425731659,0.685508668422699,0.597506642341614,0.508571863174438,0.518496215343475,0.635895609855652,0.83309268951416,0.780096173286438
355,0.59859973192215,0.809011995792389,0.745906054973602,0.581806361675262,0.459890395402908,0.471658855676651,0.60009378194809,0.84330028295517,0.847384095191956,0.801474928855896
356,0.744353234767914,0.690698802471161,0.567612171173096,0.495275169610977,0.488707840442657,0.611720561981201,0.794249534606934,0.784831762313843,0.719391644001007,0.650350511074066
357,0.726520001888275,0.590077817440033,0.499845594167709,0.50023764371872,0.607398331165314,0.846282422542572,0.76067715883255,0.700646638870239,0.671700119972229,0.715964674949646
358,0.55057030916214,0.448132812976837,0.473076522350311,0.621526777744293,0.908450603485107,0.868989527225494,0.809882462024689,0.768687546253204,0.797854065895081,0.595373392105103
359,0.463370233774185,0.473765701055527,0.61581301689148,0.813634395599365,0.77025556564331,0.756240665912628,0.687738716602325,0.708135962486267,0.593395829200745,0.750767350196838
360,0.515835881233215,0.697207391262054,0.845307946205139,0.829753756523132,0.823734641075134,0.693165302276611,0.708874225616455,0.645144164562225,0.775751054286957,0.874236762523651
361,0.587945461273193,0.821018815040588,0.830685913562775,0.776773989200592,0.697443068027496,0.683998703956604,0.583829939365387,0.703301668167114,0.743752598762512,0.769019424915314
362,0.830399334430695,0.773268699645996,0.777299344539642,0.686516880989075,0.66135448217392,0.538155734539032,0.713746786117554,0.742119431495667,0.750184893608093,0.691876530647278
363,0.710231006145477,0.648492217063904,0.602425575256348,0.599118530750275,0.481776714324951,0.715355932712555,0.806658565998077,0.765716075897217,0.711747825145721,0.557129919528961
364,0.748982012271881,0.713556349277496,0.713588237762451,0.514572858810425,0.824097156524658,0.879721939563751,0.891682922840118,0.696387231349945,0.515143692493439,0.64897632598877
365,0.794360339641571,0.799780666828156,0.58259379863739,0.807332336902618,0.893885493278503,0.902894020080566,0.763298332691193,0.527058482170105,0.667442679405212,0.469358265399933
366,0.887936890125275,0.662512481212616,0.782308101654053,0.849693059921265,0.909835517406464,0.791720509529114,0.506603062152863,0.645675837993622,0.485511928796768,0.527622818946838
367,0.59405118227005,0.748938083648682,0.891739070415497,0.903584241867065,0.821762382984161,0.522828102111816,0.720609545707703,0.510199069976807,0.523311018943787,0.631857633590698
368,0.859964489936829,0.920071303844452,0.873934149742126,0.765121519565582,0.513570487499237,0.720608055591583,0.50763875246048,0.502457201480865,0.650992691516876,0.955400347709656
369,0.890095472335815,0.900057435035706,0.684283912181854,0.486944735050201,0.6541628241539,0.498385012149811,0.448693364858627,0.639502584934235,0.894951045513153,0.781050741672516
370,0.908739149570465,0.785239458084106,0.507042765617371,0.725816547870636,0.554670691490173,0.544728994369507,0.678914487361908,0.896321892738342,0.817693769931793,0.791389346122742
371,0.782057642936707,0.535610318183899,0.67960512638092,0.52386462688446,0.490188002586365,0.683804392814636,0.913463056087494,0.814868211746216,0.748169004917145,0.69470202922821
372,0.502960503101349,0.624015867710114,0.559974193572998,0.528694093227386,0.673752188682556,0.94817852973938,0.840741872787476,0.738454103469849,0.676085829734802,0.575124025344849
373,0.638663828372955,0.498571902513504,0.455444902181625,0.670130491256714,0.929934978485107,0.847437500953674,0.73364245891571,0.686593294143677,0.549695372581482,0.575088441371918
374,0.473942786455154,0.471732765436172,0.68620640039444,0.906698882579803,0.847032129764557,0.716041147708893,0.684952557086945,0.50691419839859,0.548728108406067,0.807396352291107
375,0.464798539876938,0.618593156337738,0.944333791732788,0.844952642917633,0.738872766494751,0.711551785469055,0.560348987579346,0.566143155097961,0.835205852985382,1.00392353534698
376,0.614887177944183,0.8997802734375,0.809191942214966,0.691114187240601,0.651793956756592,0.49152484536171,0.559274435043335,0.851361215114594,0.944432079792023,0.85820335149765
377,0.831883668899536,0.768340408802032,0.648722767829895,0.613690733909607,0.508753299713135,0.525739371776581,0.765555024147034,0.874032139778137,0.836494326591492,0.611049234867096
378,0.83372837305069,0.725993990898132,0.661141753196716,0.494117558002472,0.524752020835876,0.784607648849487,0.923865258693695,0.763460755348206,0.637082159519196,0.607550323009491
379,0.629673957824707,0.581166625022888,0.44998300075531,0.514702677726746,0.786319255828857,0.891101121902466,0.869922697544098,0.589748620986938,0.633910834789276,0.769991755485535
380,0.657227456569672,0.515017449855804,0.567973792552948,0.865491986274719,0.968170046806335,0.830949246883392,0.638732135295868,0.619000613689423,0.76090282201767,0.876228988170624
381,0.46692544221878,0.560727536678314,0.735646665096283,0.88105034828186,0.792007684707642,0.631229758262634,0.629310548305511,0.754431903362274,0.858182966709137,0.840818703174591
382,0.530833065509796,0.773021101951599,0.902738928794861,0.771878778934479,0.58705073595047,0.609114110469818,0.703867137432098,0.837301254272461,0.907801568508148,0.87609475851059
383,0.834330797195435,0.891502141952515,0.810431599617004,0.642849504947662,0.632164597511292,0.756435751914978,0.881420850753784,0.945472240447998,0.969324946403503,0.823650300502777
384,0.947997391223907,0.863214492797852,0.654303014278412,0.667505025863647,0.777385175228119,0.916747510433197,0.895856022834778,0.884652316570282,0.807166159152985,0.68827223777771
385,0.860986649990082,0.629973769187927,0.627900183200836,0.732747077941895,0.861883461475372,0.905538558959961,0.879893898963928,0.796069979667664,0.661516606807709,0.58398711681366
386,0.64792412519455,0.640855491161346,0.767246246337891,0.940933406352997,0.917890965938568,0.9109206199646,0.825685024261475,0.716277241706848,0.56160968542099,0.407407522201538
387,0.636044681072235,0.7163006067276,0.869910597801208,0.915372729301453,0.867943823337555,0.795807063579559,0.641295254230499,0.570538580417633,0.43323415517807,0.473479986190796
388,0.727689623832703,0.892828106880188,0.951332151889801,0.880308985710144,0.724260687828064,0.639799773693085,0.548436939716339,0.384101271629333,0.500034868717194,0.891511142253876
389,0.883719027042389,0.904800415039062,0.86953741312027,0.808470010757446,0.645762622356415,0.606401979923248,0.409161925315857,0.503546595573425,0.867475092411041,0.862782299518585
390,0.93765515089035,0.951479494571686,0.809151947498322,0.690150916576385,0.541971027851105,0.394693434238434,0.456639528274536,0.920012652873993,0.892167806625366,0.789331555366516
391,0.883556306362152,0.801261186599731,0.644021332263947,0.600042998790741,0.394518852233887,0.498473852872849,0.867724359035492,0.87151288986206,0.810899436473846,0.632436156272888
392,0.774492383003235,0.612446367740631,0.596766233444214,0.407694637775421,0.463393151760101,0.868206083774567,0.927856206893921,0.795956611633301,0.642840504646301,0.606983959674835
393,0.62084573507309,0.568677604198456,0.398287951946259,0.481240928173065,0.945982098579407,0.899135410785675,0.806859195232391,0.619807183742523,0.595165908336639,0.495886772871017
394,0.61624026298523,0.44540399312973,0.48389196395874,0.881098806858063,0.874417781829834,0.835379600524902,0.59902948141098,0.612314462661743,0.498602837324142,0.468795269727707
395,0.443296134471893,0.500515758991241,0.895953714847565,0.863336622714996,0.784069120883942,0.622787117958069,0.592603921890259,0.547307670116425,0.457877606153488,0.546620905399323
396,0.479564934968948,0.855822384357452,0.870799660682678,0.769961774349213,0.615313470363617,0.592125952243805,0.521325469017029,0.442181646823883,0.566273927688599,0.8414466381073
397,0.895511269569397,0.890155375003815,0.711822926998138,0.579942047595978,0.560969591140747,0.541443467140198,0.433843225240707,0.577247440814972,0.845700323581696,0.702721357345581
398,0.962539076805115,0.77510529756546,0.681329846382141,0.621405065059662,0.546068906784058,0.465985745191574,0.522841453552246,0.845423221588135,0.727603614330292,0.658266425132751
399,0.814184784889221,0.643408179283142,0.605761885643005,0.581056416034698,0.487953662872314,0.514418184757233,0.820288300514221,0.710267543792725,0.647775650024414,0.631360828876495
400,0.611719906330109,0.557026088237762,0.517157316207886,0.409794121980667,0.48988339304924,0.840494155883789,0.767216265201569,0.66066986322403,0.597365736961365,0.616613805294037
401,0.628145039081573,0.542265117168427,0.457231462001801,0.552551925182343,0.903531491756439,0.800736129283905,0.705626010894775,0.648046970367432,0.643494248390198,0.641838312149048
402,0.559637606143951,0.524011731147766,0.626012206077576,0.830633044242859,0.791927933692932,0.752413392066956,0.74140477180481,0.769941210746765,0.614021420478821,0.980847239494324
403,0.498897582292557,0.587509512901306,0.792785704135895,0.79235178232193,0.789499640464783,0.72434276342392,0.750952422618866,0.638803660869598,0.924695253372192,0.890066385269165
404,0.553633570671082,0.77042943239212,0.801008939743042,0.770503401756287,0.729751825332642,0.74291318655014,0.597227215766907,1.03007662296295,0.8915855884552,0.823756694793701
405,0.809968590736389,0.859443783760071,0.75569075345993,0.697091519832611,0.731152772903442,0.634953379631042,0.910296440124512,0.90971976518631,0.779798030853271,0.72635942697525
406,0.837222456932068,0.803013503551483,0.802928745746613,0.743349492549896,0.637695968151093,0.942852139472961,0.92829304933548,0.788595855236053,0.768814921379089,0.876207411289215
407,0.861036717891693,0.852962851524353,0.771855711936951,0.655272781848907,0.950729012489319,0.980898261070251,0.861431539058685,0.821444571018219,0.916410684585571,0.768882572650909
408,0.78015124797821,0.749592125415802,0.629391729831696,0.975089013576508,0.980484366416931,0.868699908256531,0.845637917518616,0.81802225112915,0.757297992706299,0.63337230682373
409,0.746312618255615,0.641183316707611,0.894997000694275,0.927954375743866,0.870093107223511,0.790460050106049,0.843990504741669,0.741485416889191,0.628513813018799,0.951304495334625
410,0.635370969772339,0.9602130651474,0.8669713139534,0.767865717411041,0.731887876987457,0.765517175197601,0.718348503112793,0.600840508937836,0.909129738807678,0.857921421527863
411,0.919163763523102,0.911469459533691,0.797693729400635,0.770761430263519,0.858987808227539,0.766812264919281,0.633993327617645,0.95805299282074,0.956222593784332,0.974753856658936
412,0.975861608982086,0.91939127445221,0.883174180984497,0.883473694324493,0.823370933532715,0.689724504947662,0.9979208111763,0.916609168052673,1.02809143066406,0.928251445293427
413,0.859777867794037,0.843892693519592,0.875691175460815,0.78546792268753,0.637643098831177,1.00577354431152,0.965559363365173,0.938435256481171,0.927822887897491,0.926157712936401
414,0.760193347930908,0.828139662742615,0.736676633358002,0.612570524215698,1.00333654880524,0.888481318950653,0.903264462947845,0.866157948970795,0.805784642696381,0.813592851161957
415,0.884252786636353,0.784475028514862,0.584161400794983,1.03105580806732,0.92897093296051,0.933184862136841,0.953839898109436,0.924738883972168,0.904371619224548,0.924259543418884
416,0.845509469509125,0.653187990188599,0.962902545928955,0.974938809871674,0.95536994934082,0.935624301433563,1.00741910934448,0.848866164684296,0.90138965845108,1.08037447929382
417,0.644869804382324,0.941759407520294,0.911945641040802,1.00015461444855,0.961725533008575,0.964284479618073,0.836958408355713,0.900966167449951,1.07760238647461,1.1177294254303
418,1.05317258834839,0.970609962940216,0.973769307136536,0.953092634677887,0.953191339969635,0.858063399791718,0.904282629489899,0.995005965232849,0.971143186092377,1.0569121837616
419,0.988761365413666,0.966338217258453,0.884126424789429,0.904364168643951,0.761654019355774,0.91812664270401,1.00321280956268,0.997466504573822,1.04740679264069,0.998767912387848
420,1.02470135688782,0.88515317440033,0.937066853046417,0.847065448760986,0.942761123180389,0.975578010082245,1.02668595314026,1.04008364677429,1.00332832336426,0.947058916091919
421,0.821349322795868,0.843707084655762,0.792661249637604,0.91505092382431,0.990363419055939,1.00290167331696,1.03013908863068,0.960938155651093,0.8421750664711,0.776096105575562
422,0.905849695205688,0.779926896095276,0.906485795974731,1.01033890247345,0.987687051296234,0.979619741439819,0.903551697731018,0.861806213855743,0.911071836948395,0.960039854049683
423,0.863219797611237,0.965545177459717,1.0467050075531,0.991406738758087,1.04761910438538,0.974677801132202,0.907609105110168,0.997956335544586,1.0655015707016,1.06766796112061
424,0.928508818149567,1.03587973117828,0.975553154945374,1.07698333263397,1.03707540035248,0.920960128307343,0.901625394821167,0.917622983455658,1.07849144935608,1.08950054645538
425,1.05472707748413,1.01050245761871,1.00434637069702,0.95553594827652,0.903657257556915,0.944185972213745,0.970770955085754,1.0749044418335,1.07354724407196,1.04619586467743
426,1.04827046394348,1.14135301113129,1.06304395198822,0.935280203819275,1.0224277973175,1.02436518669128,1.12583553791046,1.12188565731049,1.09646713733673,1.02007222175598
427,1.10483622550964,1.04387807846069,0.98258113861084,1.01979660987854,1.10487508773804,1.18560791015625,1.20054066181183,1.21628105640411,0.987841963768005,0.951193332672119
428,1.04331564903259,0.956290245056152,1.02182221412659,1.06784069538116,1.13630080223083,1.0780109167099,1.1528160572052,0.971487700939178,0.949440062046051,0.793422877788544
429,0.966701447963715,0.948940753936768,1.02348959445953,1.08776557445526,1.13434302806854,1.10985040664673,0.964505195617676,0.955964207649231,0.843621134757996,0.70190703868866
430,0.972455382347107,1.03986239433289,1.11177361011505,1.11636567115784,1.11383366584778,1.03346645832062,0.949466347694397,0.730092287063599,0.725720942020416,0.689774930477142
431,1.07873058319092,1.12393116950989,1.1524566411972,1.07737147808075,0.960142195224762,0.921290397644043,0.762721955776215,0.686290442943573,0.686518609523773,0.875762045383453
432,1.12997341156006,1.10108804702759,1.08603549003601,1.0200389623642,0.949383020401001,0.79468834400177,0.74203896522522,0.723040223121643,0.852422714233398,0.903454720973969
433,1.05313611030579,1.01203978061676,0.996735334396362,0.876944720745087,0.765970170497894,0.719604194164276,0.740454435348511,0.846315085887909,0.887818992137909,0.869108140468597
434,1.04306101799011,0.922062933444977,0.896027743816376,0.729119956493378,0.753069221973419,0.753273606300354,0.820886731147766,0.925894796848297,0.833019018173218,1.02519929409027
435,1.0636727809906,0.926784336566925,0.802537143230438,0.825073599815369,0.779219806194305,0.86967146396637,0.841839492321014,0.863622963428497,1.03643000125885,0.905759334564209
436,0.892770767211914,0.814464092254639,0.793573081493378,0.763725578784943,0.896824657917023,0.902541756629944,0.851545989513397,1.02576947212219,0.838849127292633,0.684412240982056
437,0.796721756458282,0.794105350971222,0.74877393245697,0.773978292942047,0.8546382188797,0.831084549427032,0.97604912519455,0.84607321023941,0.644091725349426,0.946383893489838
438,0.704304158687592,0.741089165210724,0.798655211925507,0.868032813072205,0.844630002975464,0.915041089057922,0.857752025127411,0.683102548122406,0.953195989131927,1.00215673446655
439,0.682878375053406,0.869249403476715,0.873518168926239,0.859897315502167,1.03000020980835,0.900771498680115,0.730078399181366,0.996501982212067,0.990768849849701,1.1473001241684
440,0.866247475147247,0.813680768013,0.789151668548584,0.916184961795807,0.86402291059494,0.723455369472504,0.93846732378006,1.00058603286743,1.1334536075592,1.03592026233673
441,0.889632999897003,0.834698975086212,0.9122034907341,0.846150577068329,0.65822571516037,0.915907502174377,1.00240314006805,1.13620126247406,1.1297869682312,0.97700423002243
442,0.834368467330933,0.898167788982391,0.90276175737381,0.673811495304108,0.919569432735443,0.934955656528473,1.0348904132843,0.938671290874481,0.884774506092072,0.839856684207916
443,0.919687688350677,0.896554529666901,0.751047074794769,0.943863689899445,1.03707313537598,1.2154415845871,1.09047102928162,0.963510811328888,0.871683657169342,0.948549211025238
444,0.801328897476196,0.645269155502319,0.890819370746613,0.966464638710022,1.09932744503021,1.02162742614746,0.960730314254761,0.815846264362335,0.886817395687103,0.943548917770386
445,0.722129940986633,1.02338087558746,1.03281354904175,1.09367001056671,1.07429683208466,1.00480687618256,0.906174302101135,0.925382018089294,1.05904853343964,0.798554241657257
446,0.978416979312897,0.987352013587952,1.07834565639496,1.11432230472565,0.932557702064514,0.873359024524689,0.910248100757599,0.998658955097198,0.857590556144714,0.494503617286682
447,0.98132449388504,1.09113645553589,1.09216475486755,0.904843389987946,0.863647699356079,0.8878054022789,0.946959018707275,0.84951114654541,0.422779560089111,0.430226355791092
448,1.12990725040436,1.09264421463013,0.924691081047058,0.869909226894379,0.941960155963898,1.03937768936157,0.824759721755981,0.461820214986801,0.427430540323257,0.671773076057434
449,1.11146903038025,0.945248544216156,0.808755457401276,0.925744116306305,0.952785789966583,0.856230199337006,0.468446671962738,0.482035487890244,0.672500789165497,1.06273889541626
450,0.931399166584015,0.934181272983551,1.01527404785156,0.971817076206207,0.886741578578949,0.455512940883636,0.466865420341492,0.656148135662079,1.06883573532104,1.15790343284607
451,0.88780951499939,0.999162673950195,1.00264012813568,0.890354216098785,0.440098106861115,0.440960645675659,0.619026482105255,1.0566109418869,1.11805617809296,1.06005704402924
452,1.04066336154938,0.968908309936523,0.7798171043396,0.398770064115524,0.427239298820496,0.647757649421692,1.02829957008362,1.09810137748718,1.03439748287201,1.13620388507843
453,0.934925377368927,0.863492250442505,0.44351452589035,0.448767900466919,0.631631433963776,0.998938679695129,1.04405224323273,1.04370450973511,1.05822670459747,1.01346504688263
454,0.850537180900574,0.45709103345871,0.486010789871216,0.616228938102722,1.01795661449432,1.14131045341492,1.04426920413971,1.03412699699402,0.945083737373352,1.03758823871613
455,0.484068185091019,0.48187068104744,0.682006061077118,1.00124704837799,1.13814008235931,1.09741151332855,1.13753807544708,1.02450096607208,1.1056524515152,1.09969043731689
456,0.462076216936111,0.641618728637695,1.00677311420441,1.12266862392426,1.07596480846405,1.141716837883,1.06610655784607,1.11302530765533,1.11976313591003,1.13953459262848
457,0.617873430252075,0.974839568138123,1.14077663421631,1.14334678649902,1.18897008895874,1.05965089797974,1.06807947158813,1.05020821094513,1.06461560726166,1.11044538021088
458,0.92127001285553,1.08559608459473,1.09527504444122,1.08942818641663,1.04317533969879,1.05976128578186,1.04243505001068,1.05941367149353,1.08419680595398,1.15364849567413
459,1.04209220409393,1.07515561580658,1.15451157093048,1.05063235759735,1.0427747964859,1.08825969696045,1.04039549827576,1.05190968513489,1.16106760501862,1.25018918514252
460,1.06909704208374,1.08666300773621,1.01754546165466,1.06042170524597,1.04020893573761,1.03627049922943,1.03986251354218,1.14555442333221,1.19348895549774,1.11700105667114
461,1.11276412010193,1.05776834487915,0.973060369491577,1.02261447906494,1.08345139026642,1.09956240653992,1.14208781719208,1.28401601314545,1.30769765377045,1.02814972400665
462,1.10315382480621,1.23680531978607,1.09589433670044,1.31869685649872,1.53135013580322,1.29350507259369,1.32159030437469,1.52369511127472,1.1115380525589,0.892582595348358
463,1.04478573799133,1.05096638202667,1.23084425926208,1.42141139507294,1.36395132541656,1.39492952823639,1.20293045043945,0.976974904537201,0.907841980457306,0.919630289077759
464,1.11009871959686,1.25840079784393,1.39676940441132,1.3808057308197,1.4313143491745,1.32799220085144,1.17207634449005,0.980589509010315,0.844050645828247,0.701830685138702
465,1.1336555480957,1.29795825481415,1.29573178291321,1.33221781253815,1.28746008872986,1.04790985584259,0.926366209983826,0.912901282310486,0.725815176963806,1.01208984851837
466,1.41422045230865,1.48865187168121,1.36738097667694,1.38859391212463,1.11004412174225,0.893614768981934,0.909505486488342,0.626958072185516,1.05903148651123,0.93429446220398
467,1.30997586250305,1.36613440513611,1.19199752807617,0.918448507785797,0.914153277873993,0.923924088478088,0.700125694274902,1.05257880687714,0.947079479694366,0.997084140777588
468,1.34818875789642,1.28335082530975,1.10341823101044,0.933345377445221,0.931946516036987,0.682243585586548,1.12202107906342,0.99250602722168,0.978875875473022,1.02706789970398
469,1.26984512805939,1.11318707466125,0.920283734798431,0.959220468997955,0.744261205196381,1.08485817909241,1.00726211071014,0.986962258815765,0.946049988269806,1.00711607933044
470,1.12869036197662,0.948363661766052,0.872055232524872,0.708312153816223,1.04190111160278,0.97852635383606,1.00569939613342,0.958082139492035,0.951144337654114,0.842220306396484
471,0.955864548683167,0.936634421348572,0.671827018260956,1.13066422939301,0.999071717262268,1.02514600753784,0.930612444877625,0.989124774932861,0.845387399196625,0.889337003231049
472,0.975545525550842,0.70582914352417,1.11596357822418,1.03396689891815,1.02537596225739,1.00349366664886,1.01634252071381,0.869166195392609,0.900609493255615,1.15073382854462
473,0.73820286989212,1.11168611049652,1.09427738189697,1.02820265293121,1.06734681129456,0.997796714305878,0.740013837814331,0.824163556098938,1.06521558761597,1.30666732788086
474,1.06322145462036,0.970842838287354,0.975091218948364,1.02586925029755,1.0340222120285,0.866721987724304,0.921096622943878,1.27182614803314,1.4369010925293,1.25336074829102
475,1.06375515460968,1.03928828239441,0.968297064304352,0.94244647026062,0.934495031833649,0.845281481742859,1.03530097007751,1.30617916584015,1.15611207485199,1.10721504688263
476,0.951874315738678,0.931435465812683,0.949631869792938,0.919734418392181,0.843254864215851,1.11428511142731,1.30256235599518,1.15700471401215,1.01460587978363,0.931638658046722
477,0.95848137140274,0.976942539215088,0.86193311214447,0.868171513080597,1.1053671836853,1.38399386405945,1.17738032341003,1.11126530170441,0.895124316215515,0.900795817375183
478,1.10692393779755,0.877523899078369,0.832981884479523,1.13895177841187,1.47426760196686,1.2832156419754,1.12771701812744,0.944001078605652,0.906640648841858,0.894110858440399
479,0.877833485603333,0.879329085350037,1.21268999576569,1.39202308654785,1.16523003578186,1.04744267463684,0.923178911209106,0.932429373264313,0.980481863021851,1.36129140853882
480,0.895776689052582,1.18272507190704,1.38531351089478,1.23021721839905,1.07372283935547,0.901828229427338,0.901108682155609,0.93906182050705,1.35107934474945,1.16471564769745
481,1.23986375331879,1.36902093887329,1.14227747917175,1.04922914505005,0.904598355293274,0.941561460494995,0.983976185321808,1.39501357078552,1.08847069740295,1.11568748950958
482,1.41063618659973,1.18675923347473,1.11002337932587,0.92620438337326,0.896273136138916,0.95418119430542,1.39953947067261,1.21107649803162,1.11123251914978,1.11284506320953
483,1.16035735607147,1.07464814186096,1.00404977798462,0.961664259433746,0.941224336624146,1.22851824760437,1.12363302707672,1.09175741672516,1.08514285087585,1.12260019779205
484,1.08646237850189,0.964880108833313,0.944550096988678,0.982755064964294,1.34271788597107,1.0019816160202,1.13880002498627,1.17343378067017,1.14835464954376,0.986586213111877
485,0.905505418777466,1.00593602657318,0.999737322330475,1.30518639087677,0.998867809772491,1.18598484992981,1.20338547229767,1.2145938873291,1.09548044204712,1.2143462896347
486,0.978420794010162,1.02274954319,1.2950930595398,1.10053181648254,1.15344548225403,1.20233750343323,1.17781591415405,1.07325506210327,1.16587996482849,1.24254679679871
487,0.92489904165268,1.28342616558075,1.1261875629425,1.18290388584137,1.20995402336121,1.18306767940521,1.0611035823822,1.28439795970917,1.3296582698822,1.11732184886932
488,1.23762881755829,1.08629333972931,1.2436637878418,1.25967586040497,1.23369216918945,1.09672164916992,1.11801409721375,1.175168633461,1.15665602684021,1.12278497219086
489,1.09069108963013,1.24742543697357,1.26727056503296,1.2477263212204,1.11337351799011,1.14433479309082,1.22273933887482,1.19035279750824,1.13089489936829,1.00142240524292
490,1.2280638217926,1.19993054866791,1.13741230964661,1.05411994457245,1.0354996919632,1.25617551803589,1.13988471031189,1.03026032447815,0.957691490650177,0.947776854038239
491,1.22621667385101,1.21675419807434,1.11440908908844,1.12250781059265,1.314497590065,1.22905349731445,1.12529528141022,0.930258512496948,0.956804692745209,0.710193991661072
492,1.19899678230286,1.12245726585388,1.04059708118439,1.20648562908173,1.26696515083313,1.11658000946045,0.981791317462921,0.953920304775238,0.746878266334534,0.8130744099617
493,1.12378656864166,1.08024561405182,1.400475025177,1.2260639667511,1.08542788028717,0.919657588005066,1.01554620265961,0.746996104717255,0.834147036075592,1.27077603340149
494,0.995337426662445,1.26614820957184,1.20753979682922,1.17766940593719,0.960701644420624,0.950015306472778,0.734404921531677,0.819067239761353,1.15979027748108,1.18899548053741
495,1.30754160881042,1.13468515872955,1.10243892669678,1.01810812950134,0.975650131702423,0.742080390453339,0.799889326095581,1.13839077949524,1.16425907611847,0.960458755493164
496,1.33419466018677,1.18129944801331,0.941050887107849,1.01100337505341,0.720894873142242,0.889707863330841,1.30970454216003,1.36222302913666,1.16533923149109,0.922464489936829
497,1.15942180156708,0.966221213340759,0.997846841812134,0.741843581199646,0.844704985618591,1.21883547306061,1.17868435382843,0.961727559566498,0.963143050670624,0.977623820304871
498,0.982611358165741,0.968972146511078,0.738683938980103,0.860576570034027,1.23486185073853,1.23546457290649,0.97267073392868,0.895033776760101,0.899221479892731,1.0405877828598
499,0.953514754772186,0.699605584144592,0.837996602058411,1.30959582328796,1.31371700763702,0.958697855472565,0.8537637591362,0.909283220767975,1.07746827602386,1.34867131710052
500,0.69737720489502,0.80585128068924,1.20475423336029,1.18471765518188,0.989728569984436,0.879602074623108,0.975600779056549,1.04091274738312,1.2002454996109,1.42681443691254
501,0.897282004356384,1.19706523418427,1.24299192428589,0.918704330921173,0.904302954673767,0.943045437335968,1.04878211021423,1.26656568050385,1.60271310806274,1.28108668327332
502,1.28271484375,1.27358782291412,0.967644035816193,0.864048540592194,0.983123064041138,1.0784170627594,1.29250812530518,1.59302771091461,1.30928933620453,1.13635683059692
503,1.11874079704285,0.981910228729248,0.849007189273834,0.912598729133606,0.973586797714233,1.28167247772217,1.6024295091629,1.14982521533966,1.00299763679504,0.717466950416565
504,1.00563037395477,0.901484489440918,0.952601253986359,1.06138801574707,1.22380232810974,1.49283921718597,1.27080297470093,1.02856826782227,0.770094573497772,0.906583905220032
505,0.929385602474213,0.893756985664368,0.974095284938812,1.2006778717041,1.43716764450073,1.20623397827148,1.00465595722198,0.736873030662537,0.960603475570679,0.843442976474762
506,0.884156763553619,0.97868013381958,1.3191910982132,1.52102375030518,1.21998345851898,0.977016568183899,0.758688449859619,0.961193919181824,0.869494557380676,0.878123581409454
507,0.977278709411621,1.2129887342453,1.51139402389526,1.27917766571045,1.03299939632416,0.729516446590424,0.870080053806305,0.83880341053009,0.861990988254547,1.06836450099945
508,1.24724447727203,1.43689942359924,1.25531196594238,0.957501173019409,0.733880817890167,0.823680281639099,0.797713398933411,0.839182674884796,1.03410601615906,1.35090589523315
509,1.38524806499481,1.14865720272064,0.932199716567993,0.784031331539154,0.876582622528076,0.843926012516022,0.857845962047577,1.03763520717621,1.3223432302475,1.14116990566254
510,1.22603154182434,0.966135144233704,0.735923230648041,0.906861901283264,0.833351612091064,0.87860780954361,1.07860839366913,1.34418344497681,1.11567735671997,1.10644280910492
511,1.00790178775787,0.7663494348526,0.887719452381134,0.913067877292633,0.915063083171844,1.13135671615601,1.32091176509857,1.12055432796478,1.0622843503952,0.956884860992432
512,0.762933433055878,0.86361825466156,0.873875617980957,0.87509822845459,1.04492700099945,1.46227324008942,1.17961394786835,1.08351993560791,0.86639529466629,1.06895613670349
513,0.840323328971863,0.854973375797272,0.917493760585785,1.0949125289917,1.40711057186127,1.16277241706848,1.0151481628418,0.862065494060516,1.13026356697083,0.828696310520172
514,0.892098248004913,0.917796194553375,1.17272245883942,1.45732200145721,1.3018137216568,1.17744934558868,0.901492536067963,1.0624932050705,0.860803306102753,1.09691655635834
515,0.922915697097778,1.11069774627686,1.47938287258148,1.28847026824951,1.22907412052155,0.924428164958954,1.09492468833923,0.842631340026855,1.0904221534729,1.35345244407654
516,1.16169822216034,1.42608940601349,1.18476223945618,1.17107129096985,0.922247052192688,1.09576869010925,0.757736682891846,1.09409964084625,1.33967399597168,1.00846970081329
517,1.40924882888794,1.27112114429474,1.18615794181824,1.00164568424225,1.12945246696472,0.817141711711884,1.08593857288361,1.34515082836151,1.0531347990036,0.685580611228943
518,1.38043785095215,1.27026009559631,0.937171697616577,1.10699224472046,0.795084297657013,1.05865812301636,1.41746723651886,1.09526491165161,0.703068792819977,0.700097560882568
519,1.19778609275818,0.970098733901978,1.20455372333527,0.867300152778625,1.14512431621552,1.38739573955536,1.05160820484161,0.711493372917175,0.689310431480408,0.691100716590881
520,0.957480430603027,1.21648108959198,0.809031307697296,1.12152326107025,1.43406176567078,1.09443962574005,0.706868410110474,0.714449107646942,0.638226270675659,0.871585786342621
521,1.17688918113708,0.874588131904602,1.14825332164764,1.431640625,1.11200451850891,0.716442942619324,0.750294327735901,0.676941752433777,0.875934779644012,1.2998605966568
522,0.811842143535614,1.10640978813171,1.27745652198792,1.03486132621765,0.775216400623322,0.756029486656189,0.701785147190094,0.887061297893524,1.32962703704834,1.1841025352478
523,1.09292352199554,1.35972416400909,1.07762634754181,0.725123763084412,0.689492404460907,0.637375116348267,0.776378750801086,1.30617535114288,1.18428099155426,1.06137716770172
524,1.2883266210556,1.10572040081024,0.696190774440765,0.708262801170349,0.646355211734772,0.858695387840271,1.29513478279114,1.21574926376343,1.03789222240448,1.0087479352951
525,1.04228091239929,0.650094926357269,0.666679918766022,0.640109658241272,0.888551831245422,1.13272941112518,1.0525758266449,0.996908009052277,1.04851508140564,0.910124957561493
526,0.723094582557678,0.762941896915436,0.674528658390045,0.925380229949951,1.14792168140411,1.07234907150269,1.01232349872589,1.01616394519806,0.862880527973175,0.715584874153137
527,0.687110066413879,0.7065789103508,0.914279639720917,1.1519581079483,0.972481429576874,0.981573939323425,1.04118156433105,0.920788764953613,0.777991890907288,0.71650367975235
528,0.716892123222351,0.94774466753006,1.23866295814514,1.04772543907166,1.01732313632965,0.962687611579895,0.864774644374847,0.70203971862793,0.696134090423584,0.882937669754028
529,0.966531038284302,1.290442943573,1.06611239910126,1.10776817798615,1.06636047363281,0.834239840507507,0.69851541519165,0.679832100868225,0.952424347400665,0.915953159332275
530,1.19862163066864,1.01785182952881,1.00934445858002,1.02221131324768,0.85991382598877,0.683364987373352,0.635349214076996,0.908599674701691,0.866302192211151,0.837898910045624
531,1.12589800357819,1.07775914669037,1.03011107444763,1.00968086719513,0.714223623275757,0.703691899776459,0.892940878868103,0.881571710109711,0.865355789661407,0.797103583812714
532,1.08819687366486,1.01335537433624,1.04853475093842,0.79328203201294,0.744697213172913,0.95148903131485,0.952840507030487,0.882872581481934,0.868484854698181,0.953519821166992
533,1.08944499492645,1.0104455947876,0.686423540115356,0.618647992610931,0.850930988788605,0.951335549354553,0.861339807510376,0.773415565490723,0.95953893661499,0.60914957523346
534,0.940093994140625,0.768185019493103,0.777076840400696,0.924498677253723,0.898416638374329,0.824378192424774,0.776187181472778,0.937063813209534,0.61317390203476,0.726090013980865
535,0.727257251739502,0.696883976459503,0.922304749488831,0.951030850410461,0.890458583831787,0.809590816497803,0.98852151632309,0.681499719619751,0.767159223556519,0.901526808738708
536,0.721405565738678,0.907039761543274,0.9945307970047,0.889435291290283,0.799879372119904,0.925666391849518,0.607451140880585,0.717134892940521,0.864552140235901,1.00683748722076
537,0.837176144123077,1.00132477283478,0.85861337184906,0.795247733592987,0.959971189498901,0.65994542837143,0.761467754840851,0.862921953201294,1.02424585819244,0.95322859287262
538,1.05792105197906,0.901325345039368,0.822020053863525,0.955671548843384,0.664735078811646,0.727096974849701,0.878318250179291,1.03110384941101,0.942637979984283,0.866503655910492
539,0.881641864776611,0.832332909107208,0.922291576862335,0.664855241775513,0.69016683101654,0.834587752819061,0.957173585891724,0.937964558601379,0.930724263191223,0.814334690570831
540,0.787946164608002,0.924474358558655,0.684363603591919,0.814648449420929,0.946023046970367,1.06990885734558,0.983092188835144,0.945302128791809,0.818658709526062,0.727021038532257
541,0.956750214099884,0.603775024414062,0.663511037826538,0.918263137340546,0.998695731163025,0.981607735157013,0.93876039981842,0.79324460029602,0.6521897315979,0.783970713615417
542,0.585765838623047,0.698597729206085,0.868569195270538,1.04709243774414,0.969434320926666,0.91051709651947,0.781104028224945,0.666082739830017,0.840050578117371,1.03423917293549
543,0.679819107055664,0.840166091918945,1.00522410869598,1.02330350875854,0.903275191783905,0.764771282672882,0.650490164756775,0.764034152030945,0.92195188999176,0.804302155971527
544,0.883946895599365,0.997833371162415,0.95351380109787,0.902736604213715,0.815923929214478,0.680111408233643,0.725667893886566,0.917304754257202,0.826851785182953,0.767161130905151
545,1.05941557884216,0.991273880004883,0.938480854034424,0.80636191368103,0.712879955768585,0.756804406642914,0.963346540927887,0.891766369342804,0.81464946269989,0.978747487068176
546,0.954880654811859,0.87492698431015,0.759924292564392,0.701245903968811,0.789168179035187,0.927716851234436,0.884264171123505,0.799923121929169,0.967938244342804,0.763900995254517
547,0.884370744228363,0.775789499282837,0.623936355113983,0.771132946014404,0.933284521102905,0.845552623271942,0.778067111968994,0.920183956623077,0.773809731006622,0.742869794368744
548,0.812591969966888,0.645060539245605,0.769053995609283,0.959187626838684,0.926141798496246,0.854545295238495,0.954027771949768,0.817126631736755,0.731750667095184,0.824528217315674
549,0.829754173755646,0.917481899261475,1.00109899044037,0.969437777996063,0.920606732368469,0.965413510799408,0.839750051498413,0.734396636486053,0.885839581489563,0.996271073818207
550,0.753854632377625,1.00555503368378,0.893330693244934,0.872811913490295,0.991808533668518,0.817931711673737,0.765704929828644,0.861844301223755,0.926734805107117,1.3184289932251
551,1.01075375080109,0.888051748275757,0.866908311843872,1.02298641204834,0.809354305267334,0.781698942184448,0.849224209785461,0.870531976222992,1.35056006908417,1.25751495361328
552,0.928109765052795,0.802586317062378,0.986226260662079,0.817501187324524,0.771538734436035,0.886938810348511,0.879371345043182,1.30896413326263,1.25044119358063,0.815882980823517
553,0.893277704715729,0.99562668800354,0.836222529411316,0.716381788253784,0.855444312095642,0.919283390045166,1.30639159679413,1.16053152084351,0.834828972816467,0.835641860961914
554,1.0168799161911,0.83929705619812,0.77629280090332,0.84684145450592,0.911505997180939,1.5334392786026,1.30407321453094,0.747468590736389,0.825279414653778,1.01997947692871
555,0.817520141601562,0.773142635822296,0.843565285205841,0.921055197715759,1.51004719734192,1.38145995140076,0.814202904701233,0.833554804325104,0.973449885845184,0.905241310596466
556,0.696255147457123,0.879471719264984,0.904677093029022,1.50016558170319,1.31764769554138,0.724851250648499,0.800914466381073,0.994506776332855,0.887835383415222,1.17201244831085
557,0.851090490818024,0.916901648044586,1.51836657524109,1.42705512046814,0.834784626960754,0.865522742271423,1.06033396720886,0.837041795253754,1.21144461631775,1.35714793205261
558,0.853254735469818,1.29351341724396,1.29742288589478,0.723429381847382,0.799208283424377,0.970599353313446,0.834524095058441,1.24916410446167,1.29686558246613,1.03238749504089
559,1.33866679668427,1.23937046527863,0.696943044662476,0.734166026115417,0.885984241962433,0.858786821365356,1.13050079345703,1.37420272827148,1.04640626907349,0.818717122077942
560,1.35767889022827,0.788933157920837,0.836709856987,0.945983350276947,0.909089207649231,1.20618677139282,1.3875994682312,0.932255327701569,0.771626114845276,0.737915754318237
561,0.722571730613708,0.690400421619415,0.919130086898804,0.810254037380219,1.07983779907227,1.33294272422791,0.915942370891571,0.73826140165329,0.66612696647644,0.754512250423431
562,0.723866701126099,0.837116658687592,0.871882975101471,1.07980394363403,1.42283296585083,0.973539769649506,0.724884212017059,0.693270981311798,0.65007221698761,0.70285165309906
563,1.04248654842377,0.851007878780365,1.22886717319489,1.32054555416107,1.02764499187469,0.791869819164276,0.669522523880005,0.618232846260071,0.739913105964661,0.790645778179169
564,0.864670515060425,1.14318645000458,1.36173141002655,0.882010281085968,0.802211344242096,0.723179161548615,0.683165609836578,0.751234173774719,0.761064291000366,1.07945537567139
565,1.06816816329956,1.24000930786133,0.978567004203796,0.803800761699677,0.676971018314362,0.627088844776154,0.713076412677765,0.810979962348938,1.06732940673828,1.01713645458221
566,1.34538853168488,0.992703437805176,0.703361749649048,0.606431126594543,0.657068133354187,0.721395194530487,0.73215913772583,1.10649168491364,1.04720091819763,1.0163905620575
567,0.992447912693024,0.788473844528198,0.649589240550995,0.564229905605316,0.702071189880371,0.763964235782623,1.04914462566376,1.1600261926651,0.879979312419891,0.959997415542603
568,0.703284680843353,0.594472646713257,0.672629952430725,0.744888603687286,0.731984198093414,1.08989310264587,1.00033605098724,0.936319649219513,0.881192862987518,0.669105112552643
569,0.649913489818573,0.64462560415268,0.80330240726471,0.849928319454193,1.09753918647766,1.0507652759552,0.900945425033569,0.878821074962616,0.626336812973022,0.660344123840332
570,0.618301093578339,0.694737076759338,0.789352357387543,1.03074252605438,0.948024868965149,0.848910212516785,0.840648233890533,0.602132141590118,0.734926879405975,1.25147390365601
571,0.745462477207184,0.810803771018982,1.03061890602112,0.966645538806915,0.883632123470306,0.879103660583496,0.647648811340332,0.690459728240967,1.24798595905304,1.0760909318924
572,0.805222749710083,1.06330227851868,1.01268911361694,0.890729665756226,1.04631817340851,0.647935569286346,0.663081228733063,1.14220654964447,0.952622711658478,0.816751718521118
573,0.920749425888062,1.01149725914001,0.921129941940308,0.892354249954224,0.615237593650818,0.692340850830078,1.15150105953217,0.943113625049591,0.766294598579407,0.718569695949554
574,0.958536565303802,0.932293057441711,0.941215455532074,0.608784973621368,0.734066069126129,1.17341804504395,1.02739310264587,0.812895655632019,0.718488276004791,0.74573403596878
575,0.846049964427948,0.847832083702087,0.630898714065552,0.656167685985565,1.16454637050629,1.02720510959625,0.776745617389679,0.744097709655762,0.7120760679245,0.62707930803299
576,0.916801571846008,0.654550194740295,0.714637279510498,1.16217064857483,0.968005418777466,0.812355220317841,0.747840046882629,0.69720447063446,0.629658699035645,0.685677349567413
577,0.697391331195831,0.755247712135315,1.0797119140625,1.03726744651794,0.827687799930573,0.773626208305359,0.79551762342453,0.651903629302979,0.680812001228333,0.901328384876251
578,0.757900655269623,1.15539884567261,0.949554026126862,0.788540303707123,0.75979882478714,0.794258177280426,0.671321988105774,0.720510423183441,0.799667835235596,0.883201479911804
579,1.14696383476257,0.985586524009705,0.764288783073425,0.770967483520508,0.70998215675354,0.612781941890717,0.655739843845367,0.881847977638245,0.887684106826782,0.811087429523468
580,0.983411312103271,0.683628141880035,0.704135298728943,0.750245273113251,0.591163992881775,0.677500486373901,0.799291670322418,0.825893640518188,0.784849047660828,0.76799350976944
581,0.848312795162201,0.769029438495636,0.775978147983551,0.728609502315521,0.685105323791504,0.856801807880402,0.835314214229584,0.799296915531158,0.825690627098083,0.842230081558228
582,0.781008124351501,0.853459596633911,0.662649095058441,0.792032182216644,0.837031304836273,0.917225360870361,0.859836280345917,0.782966315746307,0.874820411205292,0.698465883731842
583,0.788007438182831,0.678259551525116,0.7435622215271,0.863071382045746,0.890961349010468,0.875299274921417,0.762376427650452,0.869649469852448,0.758006572723389,0.747107207775116
584,0.704237699508667,0.744133710861206,0.782223105430603,0.853269815444946,0.851572513580322,0.773919939994812,0.882226228713989,0.76632821559906,0.770025670528412,1.11677396297455
585,0.669884860515594,0.80268532037735,0.895664513111115,0.813686847686768,0.806477963924408,0.830922067165375,0.71472179889679,0.761611044406891,1.06725406646729,0.956353724002838
586,0.86258852481842,0.970548987388611,0.894652187824249,0.801390051841736,0.853372097015381,0.734995007514954,0.862408816814423,1.20025455951691,0.914145290851593,0.878344357013702
587,0.953008830547333,0.815255045890808,0.82477855682373,0.810400545597076,0.691548049449921,0.768802583217621,1.02391862869263,0.885008692741394,0.868344724178314,0.83218240737915
588,0.87147182226181,0.822095990180969,0.937605977058411,0.792439162731171,0.83266669511795,1.17231464385986,1.0231522321701,0.880065560340881,0.81275486946106,0.723635196685791
589,0.774160325527191,0.807610154151917,0.681096076965332,0.763276636600494,1.21393597126007,0.955506563186646,0.867323040962219,0.836871206760406,0.772421836853027,0.699373543262482
590,0.932006657123566,0.771015703678131,0.745433807373047,1.16597962379456,0.91802716255188,0.825363516807556,0.775204837322235,0.790837585926056,0.747387588024139,0.809992730617523
591,0.763848185539246,0.813612461090088,1.06927239894867,0.932003200054169,0.883934855461121,0.835511088371277,0.863398909568787,0.768928289413452,0.806061923503876,0.926483750343323
592,0.766127288341522,1.18526601791382,1.00209844112396,0.769667506217957,0.758853018283844,0.773335158824921,0.716740608215332,0.749428391456604,0.964736223220825,0.8329176902771
593,1.09643363952637,1.01967215538025,0.822308599948883,0.737435460090637,0.810765027999878,0.730430841445923,0.715802371501923,0.963711023330688,0.80777257680893,0.809136748313904
594,1.00490319728851,0.843852281570435,0.745352387428284,0.730246901512146,0.671410262584686,0.813444197177887,0.936474323272705,0.824089765548706,0.895510494709015,0.765728712081909
595,0.872648298740387,0.806919753551483,0.789326071739197,0.694275617599487,0.802873909473419,1.10021388530731,0.898391664028168,0.900898814201355,0.774872779846191,0.744727730751038
596,0.848514258861542,0.792865991592407,0.76107656955719,0.83822625875473,0.99677574634552,0.804642081260681,0.926900207996368,0.714862406253815,0.76621675491333,0.610110580921173
597,0.785045564174652,0.76445859670639,0.784734070301056,1.03520023822784,0.851975739002228,0.857041120529175,0.803718447685242,0.734002947807312,0.647454380989075,0.736960470676422
598,0.768960952758789,0.898240447044373,1.01985847949982,0.963606655597687,0.946652054786682,0.841341495513916,0.77014148235321,0.686284422874451,0.741219401359558,0.825797319412231
599,0.793116092681885,0.931615114212036,0.879094481468201,0.914448797702789,0.731101512908936,0.767736494541168,0.67449426651001,0.74323433637619,0.918979525566101,0.81806093454361
600,0.945294797420502,0.822217583656311,0.865602970123291,0.761342763900757,0.719530045986176,0.612684726715088,0.684886872768402,0.854651927947998,0.837326407432556,0.818934381008148
601,0.88142853975296,0.86203008890152,0.729822754859924,0.757846534252167,0.629136681556702,0.712373912334442,0.891425907611847,0.857746839523315,0.762828767299652,0.820554494857788
602,0.920823514461517,0.820883333683014,0.743395090103149,0.706956028938293,0.764347791671753,0.838959515094757,0.921009719371796,0.820424914360046,0.848015546798706,0.817320883274078
603,0.75205934047699,0.696184635162354,0.631857991218567,0.757201373577118,0.876993954181671,0.942588984966278,0.810033559799194,0.812416553497314,0.782019555568695,0.883552253246307
604,0.742525279521942,0.737124979496002,0.76070636510849,0.858069837093353,0.861814022064209,0.857847034931183,0.843656003475189,0.880748867988586,0.893029689788818,0.775732278823853
605,0.676642596721649,0.745998740196228,0.782261192798615,0.875710725784302,0.830382466316223,0.830472111701965,0.773389518260956,0.841965198516846,0.813693046569824,0.890942335128784
606,0.691242635250092,0.782401859760284,0.849798798561096,0.774703979492188,0.820297360420227,0.840807020664215,0.937238991260529,0.742185115814209,0.893864631652832,0.962563693523407
607,0.740228235721588,0.878027975559235,0.809297919273376,0.882120966911316,0.830788314342499,0.880208909511566,0.741360306739807,0.926938652992249,0.969918251037598,0.958733081817627
608,0.862992107868195,0.771857619285583,0.78642350435257,0.712948322296143,0.848546981811523,0.693157315254211,0.859032511711121,0.899569571018219,0.981390535831451,0.814494788646698
609,0.74549400806427,0.798658013343811,0.815629541873932,0.873403787612915,0.745639562606812,0.892707407474518,1.01535630226135,0.950462937355042,0.793788611888885,0.716944575309753
610,0.894706428050995,0.803722620010376,0.863057792186737,0.779736638069153,0.932167410850525,1.06252658367157,1.08825266361237,0.838003396987915,0.739888787269592,0.658335626125336
611,0.885964751243591,0.881654441356659,0.759475827217102,0.912222027778625,0.989863216876984,1.05890965461731,0.78908121585846,0.771198809146881,0.69466906785965,0.626607060432434
612,0.865895211696625,0.748155772686005,0.945716619491577,1.02967822551727,1.06799793243408,0.899966180324554,0.806469857692719,0.64466404914856,0.596877098083496,0.777514398097992
613,0.785576462745667,0.943343222141266,1.07946801185608,1.08696353435516,0.789149761199951,0.745479583740234,0.550096035003662,0.634951591491699,0.749201714992523,0.764120221138
614,0.882076978683472,1.10033321380615,1.13937664031982,0.736397325992584,0.7247474193573,0.570849597454071,0.602056562900543,0.735182762145996,0.703329682350159,0.723272025585175
615,1.03597629070282,1.01165521144867,0.800786197185516,0.734161138534546,0.564357340335846,0.545091032981873,0.74557089805603,0.780985116958618,0.741461396217346,0.704203605651855
616,1.05779135227203,0.802230298519135,0.743485629558563,0.602189421653748,0.590292870998383,0.693424880504608,0.728710293769836,0.755241751670837,0.676520884037018,0.656802713871002
617,0.762981832027435,0.757421433925629,0.648984789848328,0.571661949157715,0.681432247161865,0.67924427986145,0.710027039051056,0.74450558423996,0.674640834331512,0.614920854568481
618,0.755427300930023,0.600483119487762,0.542933464050293,0.720347285270691,0.751866400241852,0.703653275966644,0.68290102481842,0.669213175773621,0.609925866127014,0.584445595741272
619,0.579569756984711,0.566959261894226,0.733489751815796,0.708110332489014,0.711118936538696,0.70043295621872,0.67943674325943,0.667649209499359,0.622072041034698,0.792322516441345
620,0.571109235286713,0.718491494655609,0.755764484405518,0.744624257087708,0.707567453384399,0.648335576057434,0.583938777446747,0.64800637960434,0.775151193141937,0.724516093730927
621,0.724064350128174,0.729354977607727,0.776340126991272,0.70683366060257,0.714423894882202,0.61711311340332,0.571985423564911,0.76670914888382,0.69853138923645,0.701775670051575
622,0.738857567310333,0.735596597194672,0.651064336299896,0.642081379890442,0.58683431148529,0.567870199680328,0.725179255008698,0.697568774223328,0.637278437614441,0.616460800170898
623,0.681468546390533,0.660029768943787,0.613144934177399,0.566083252429962,0.55715024471283,0.782743990421295,0.758676171302795,0.701797187328339,0.693027853965759,0.639044225215912
624,0.644935309886932,0.63240522146225,0.608990848064423,0.598067343235016,0.714938521385193,0.664070129394531,0.658672451972961,0.629976809024811,0.656091153621674,0.679337680339813
625,0.674526751041412,0.660265505313873,0.60032993555069,0.724846601486206,0.744242310523987,0.694936811923981,0.688407897949219,0.732644319534302,0.653555989265442,0.681821763515472
626,0.693735182285309,0.645056486129761,0.768621146678925,0.770873844623566,0.728449165821075,0.687183022499084,0.666658282279968,0.66954916715622,0.71763801574707,0.967008829116821
627,0.596406579017639,0.738542139530182,0.787580132484436,0.662510395050049,0.618162512779236,0.60053563117981,0.621474981307983,0.657625734806061,0.918052852153778,0.923769772052765
628,0.771919965744019,0.700563967227936,0.662192523479462,0.657710075378418,0.663578450679779,0.597091376781464,0.74544107913971,0.979630351066589,0.99083286523819,0.64964097738266
629,0.75396066904068,0.697562873363495,0.670502603054047,0.689880549907684,0.619719088077545,0.663804650306702,0.91696834564209,0.92558491230011,0.783433735370636,0.70185387134552
630,0.589442908763885,0.525641918182373,0.556246340274811,0.590131938457489,0.695681273937225,0.882536232471466,0.933638513088226,0.785826802253723,0.651420414447784,0.682091653347015
631,0.64697915315628,0.67739462852478,0.654989123344421,0.683756172657013,0.917712211608887,0.908685147762299,0.706808924674988,0.668320536613464,0.68484377861023,0.649469256401062
632,0.632794737815857,0.637643694877625,0.68554037809372,0.850302755832672,0.849945604801178,0.681499123573303,0.726444780826569,0.698122322559357,0.657608807086945,0.651393890380859
633,0.555758118629456,0.665249526500702,0.930489361286163,0.864149749279022,0.733535706996918,0.635989129543304,0.621194183826447,0.587993562221527,0.625896275043488,0.769479036331177
634,0.678548038005829,0.851628839969635,0.869051396846771,0.704629957675934,0.641196429729462,0.617453634738922,0.565222382545471,0.588283002376556,0.731218755245209,0.848494470119476
635,0.94565486907959,0.870270252227783,0.701939344406128,0.688523173332214,0.625770747661591,0.607699513435364,0.60809338092804,0.777400076389313,0.814818024635315,0.641281545162201
636,0.915029287338257,0.745220601558685,0.658640325069427,0.635513126850128,0.597979009151459,0.6115602850914,0.790458500385284,0.777235329151154,0.711138069629669,0.67346066236496
637,0.73261159658432,0.639740824699402,0.628378629684448,0.652758300304413,0.642849504947662,0.727621257305145,0.826632261276245,0.716497361660004,0.613596796989441,0.575849711894989
638,0.608511745929718,0.567631244659424,0.657566130161285,0.597320020198822,0.709164381027222,0.80600643157959,0.667442083358765,0.603256464004517,0.594883620738983,0.617850661277771
639,0.606617510318756,0.675584375858307,0.668214857578278,0.718656361103058,0.814904749393463,0.670534789562225,0.66785079240799,0.60591858625412,0.632851779460907,0.601071655750275
640,0.613486707210541,0.602140009403229,0.705387771129608,0.77607387304306,0.692086517810822,0.6669802069664,0.643007099628448,0.61369001865387,0.618068993091583,0.72229015827179
641,0.663188457489014,0.746099770069122,0.837938249111176,0.742095172405243,0.677851378917694,0.637667894363403,0.632079899311066,0.622912526130676,0.687833666801453,0.780992269515991
642,0.683665633201599,0.760242342948914,0.686792731285095,0.64229291677475,0.62792557477951,0.614543080329895,0.638564944267273,0.728640019893646,0.754671394824982,0.684052169322968
643,0.779400825500488,0.589891314506531,0.623627424240112,0.547903835773468,0.532857596874237,0.565221667289734,0.635331690311432,0.759465098381042,0.631130456924438,0.591560781002045
644,0.652557492256165,0.603259563446045,0.623619854450226,0.592305660247803,0.555909872055054,0.706759452819824,0.766590416431427,0.697649657726288,0.659177541732788,0.61598801612854
645,0.619688153266907,0.576839983463287,0.574297964572906,0.532513320446014,0.596073746681213,0.749529659748077,0.675932049751282,0.606514632701874,0.584421932697296,0.533352911472321
646,0.560254693031311,0.575772762298584,0.540479183197021,0.63610029220581,0.6982501745224,0.61305421590805,0.549953043460846,0.577195286750793,0.538691759109497,0.54621696472168
647,0.536482036113739,0.519477844238281,0.639837563037872,0.691643476486206,0.598026633262634,0.569123148918152,0.584757804870605,0.51483553647995,0.524725615978241,0.848180949687958
648,0.468464106321335,0.549512445926666,0.646684288978577,0.595160007476807,0.532520830631256,0.562510430812836,0.478439033031464,0.469082802534103,0.750433444976807,0.783762693405151
649,0.664706289768219,0.74593585729599,0.639508843421936,0.582048177719116,0.557093143463135,0.513072967529297,0.526384234428406,0.79278165102005,0.805486738681793,0.739389657974243
650,0.689909100532532,0.639689266681671,0.589804589748383,0.582008302211761,0.593117296695709,0.581244826316833,0.793213486671448,0.81135767698288,0.730316936969757,0.707580089569092
651,0.624657094478607,0.57668548822403,0.613405227661133,0.537846982479095,0.544653117656708,0.681729257106781,0.784722864627838,0.682530641555786,0.708840489387512,0.581909835338593
652,0.546435236930847,0.528462648391724,0.486506968736649,0.502804636955261,0.756285786628723,0.801016807556152,0.734067618846893,0.69573175907135,0.556056380271912,0.531284213066101
653,0.592845976352692,0.491765856742859,0.503200709819794,0.815745294094086,0.850877821445465,0.717452347278595,0.742643713951111,0.539842486381531,0.523158848285675,0.532759130001068
654,0.495957672595978,0.487394422292709,0.718117892742157,0.777218461036682,0.701669573783875,0.689802467823029,0.547757387161255,0.532444655895233,0.539655566215515,0.716742753982544
655,0.535813093185425,0.723706126213074,0.781474351882935,0.671440243721008,0.620987057685852,0.578573107719421,0.532939195632935,0.557925760746002,0.65070366859436,0.633814573287964
656,0.776548564434052,0.824740707874298,0.762608766555786,0.638558030128479,0.50565767288208,0.52410876750946,0.528784990310669,0.689202725887299,0.590708613395691,0.592542052268982
657,0.85187828540802,0.770107984542847,0.638736486434937,0.5668985247612,0.527382671833038,0.543127119541168,0.790035605430603,0.677985489368439,0.667147278785706,0.597622632980347
658,0.75759083032608,0.654037892818451,0.52510666847229,0.526986718177795,0.603411316871643,0.739392161369324,0.639098465442657,0.579346239566803,0.553428828716278,0.550341308116913
659,0.68606698513031,0.468741029500961,0.485984563827515,0.500760078430176,0.613235354423523,0.535033583641052,0.518065214157104,0.485934108495712,0.496492564678192,0.501125991344452
660,0.555326342582703,0.533149659633636,0.553754568099976,0.70391172170639,0.579270482063293,0.557349383831024,0.506466865539551,0.513420641422272,0.485174745321274,0.48748242855072
661,0.491651356220245,0.531786262989044,0.720794796943665,0.567440271377563,0.483453303575516,0.464066356420517,0.462146490812302,0.44563427567482,0.450245320796967,0.482756227254868
662,0.501531541347504,0.735915541648865,0.579535245895386,0.539211690425873,0.521267414093018,0.503940463066101,0.467391312122345,0.467308193445206,0.505395650863647,0.462981343269348
663,0.740710020065308,0.573208153247833,0.521277904510498,0.506753265857697,0.528378367424011,0.485010892152786,0.461005061864853,0.499975353479385,0.524879217147827,0.509244620800018
664,0.62297123670578,0.578815042972565,0.539824724197388,0.521894454956055,0.539781451225281,0.517583608627319,0.565944790840149,0.574740767478943,0.498035967350006,0.470417112112045
665,0.581862032413483,0.531538665294647,0.548188388347626,0.513095557689667,0.539806008338928,0.551688849925995,0.597668290138245,0.536000847816467,0.494770765304565,0.443772941827774
666,0.521523952484131,0.486666768789291,0.48369437456131,0.519014060497284,0.510653734207153,0.545505046844482,0.505145788192749,0.487463295459747,0.48773330450058,0.483017444610596
667,0.528602361679077,0.504480600357056,0.498740315437317,0.525731682777405,0.538029432296753,0.488894313573837,0.488635271787643,0.477323144674301,0.500530064105988,0.52019464969635
668,0.506602764129639,0.507933974266052,0.534713268280029,0.542933583259583,0.487262934446335,0.485940217971802,0.449209630489349,0.437386006116867,0.463889867067337,0.510660350322723
669,0.464449793100357,0.582794845104218,0.509595632553101,0.491663813591003,0.464250296354294,0.441589206457138,0.468985170125961,0.47235032916069,0.56218010187149,0.514295041561127
670,0.498244255781174,0.472142100334167,0.458629429340363,0.470972180366516,0.414570152759552,0.416518986225128,0.444112986326218,0.514710545539856,0.473114490509033,0.441095918416977
671,0.569369792938232,0.444930821657181,0.481379687786102,0.433784365653992,0.458939999341965,0.483457446098328,0.528674602508545,0.565779387950897,0.523588716983795,0.407829970121384
672,0.490030169487,0.505887389183044,0.470987260341644,0.483917534351349,0.482103735208511,0.532290637493134,0.49522003531456,0.513575255870819,0.443603545427322,0.454253226518631
673,0.411431610584259,0.400905042886734,0.420791804790497,0.424651145935059,0.451492697000504,0.459591329097748,0.437979698181152,0.390383124351501,0.399542689323425,0.413861811161041
674,0.428640931844711,0.462353765964508,0.469321072101593,0.525582551956177,0.559780180454254,0.539560854434967,0.461028546094894,0.454986393451691,0.437766671180725,0.454067468643188
675,0.434742301702499,0.416642963886261,0.516726553440094,0.539136350154877,0.522736668586731,0.408925890922546,0.429488658905029,0.430409520864487,0.451389223337173,0.50795179605484
676,0.47472470998764,0.523138880729675,0.476227968931198,0.450815826654434,0.405179738998413,0.432793200016022,0.398072779178619,0.451765596866608,0.485148310661316,0.508420169353485
677,0.496003240346909,0.467810869216919,0.489858597517014,0.431820660829544,0.426904886960983,0.379040837287903,0.427360594272614,0.471226245164871,0.4742371737957,0.491940021514893
678,0.456737250089645,0.473056942224503,0.395894825458527,0.396189719438553,0.385719329118729,0.44122913479805,0.483454376459122,0.480358719825745,0.524696111679077,0.491360455751419
679,0.472180128097534,0.440245002508163,0.407745122909546,0.398828238248825,0.438446938991547,0.473204672336578,0.495072841644287,0.4910908639431,0.484620481729507,0.440209090709686
680,0.422597855329514,0.446642905473709,0.413580536842346,0.47460412979126,0.491176426410675,0.53059446811676,0.592100739479065,0.483277052640915,0.450668841600418,0.464400321245193
681,0.402577042579651,0.386941105127335,0.447311639785767,0.463573157787323,0.485994577407837,0.519704699516296,0.453719437122345,0.423089534044266,0.457917094230652,0.492531150579453
682,0.429624050855637,0.425598651170731,0.486788421869278,0.526278138160706,0.535210371017456,0.475101262331009,0.492109268903732,0.469403386116028,0.518070161342621,0.541926383972168
683,0.495528548955917,0.520316481590271,0.536422550678253,0.539856612682343,0.514006495475769,0.455687135457993,0.472011297941208,0.49961593747139,0.543359041213989,0.534144580364227
684,0.456212669610977,0.505695641040802,0.46629399061203,0.457384347915649,0.430915862321854,0.439908862113953,0.470017999410629,0.509286224842072,0.48801264166832,0.496216237545013
685,0.499662190675735,0.481650084257126,0.454107969999313,0.422284632921219,0.433678328990936,0.46225517988205,0.51761656999588,0.522659301757812,0.492098242044449,0.466865390539169
686,0.52040684223175,0.569248855113983,0.479566603899002,0.50614321231842,0.520786464214325,0.54880166053772,0.510047972202301,0.475399971008301,0.488889664411545,0.546290040016174
687,0.489923566579819,0.421337723731995,0.455509185791016,0.441326528787613,0.502284526824951,0.515971839427948,0.523717701435089,0.474189668893814,0.517458617687225,0.483896821737289
688,0.461425870656967,0.509852945804596,0.495235353708267,0.542903423309326,0.544666349887848,0.511173367500305,0.506325721740723,0.558223724365234,0.513022363185883,0.480660259723663
689,0.461067855358124,0.483386754989624,0.534083783626556,0.526242792606354,0.476203560829163,0.43947097659111,0.510168671607971,0.463717132806778,0.47981733083725,0.536724150180817
690,0.480620890855789,0.49824583530426,0.467018485069275,0.594133138656616,0.519043862819672,0.572852969169617,0.583395481109619,0.602475345134735,0.565603137016296,0.859042227268219
691,0.505016624927521,0.483250766992569,0.48424756526947,0.447312772274017,0.554686009883881,0.466795593500137,0.460412114858627,0.554514944553375,0.833290576934814,0.82271671295166
692,0.541216611862183,0.512960970401764,0.465637803077698,0.506149709224701,0.463478535413742,0.48813995718956,0.573847234249115,0.802588224411011,0.752369225025177,0.959602475166321
693,0.490831017494202,0.403482228517532,0.494744658470154,0.443315148353577,0.458015561103821,0.546544134616852,0.88201642036438,0.845430970191956,0.998474419116974,0.748835980892181
694,0.435896635055542,0.493992388248444,0.458989828824997,0.468155205249786,0.627341330051422,0.873463690280914,0.825246453285217,1.00717234611511,0.697463572025299,0.550911843776703
695,0.538304090499878,0.510819494724274,0.508337795734406,0.607164263725281,0.810907781124115,0.760952234268188,1.05634689331055,0.655126690864563,0.572349429130554,0.591194450855255
696,0.424723356962204,0.44058546423912,0.541764199733734,0.823998272418976,0.775856196880341,1.03779077529907,0.677112758159637,0.54659515619278,0.510488569736481,0.579167902469635
697,0.48917692899704,0.574195206165314,0.837543845176697,0.767114162445068,1.08044445514679,0.654736697673798,0.605734407901764,0.554763674736023,0.546698987483978,0.603654384613037
698,0.565935969352722,0.853805482387543,0.78047388792038,1.00493717193604,0.642964720726013,0.527197360992432,0.499617010354996,0.545586943626404,0.615074396133423,0.580192863941193
699,0.855628788471222,0.743982434272766,1.02757298946381,0.6126269698143,0.525524973869324,0.514358043670654,0.568197846412659,0.645992696285248,0.632104456424713,0.656213045120239
700,0.811636388301849,0.903136193752289,0.737254619598389,0.585254609584808,0.530708909034729,0.54599118232727,0.5794557929039,0.630719125270844,0.685998439788818,0.463991940021515
701,0.919021546840668,0.627793908119202,0.501947402954102,0.49094420671463,0.52393639087677,0.55983293056488,0.606067836284637,0.68003785610199,0.425358772277832,0.413955509662628
702,0.630149841308594,0.522693753242493,0.521266639232635,0.534344971179962,0.576744914054871,0.637717068195343,0.652101933956146,0.457761734724045,0.447701662778854,0.490446925163269
703,0.518619358539581,0.445305377244949,0.47036424279213,0.553089201450348,0.595093965530396,0.641846537590027,0.360622853040695,0.350877434015274,0.416765213012695,0.616286396980286
704,0.459199696779251,0.486928105354309,0.532970726490021,0.561866641044617,0.644082367420197,0.384054005146027,0.383464246988297,0.439156502485275,0.610353887081146,0.521087110042572
705,0.497233241796494,0.571231782436371,0.588777601718903,0.666888475418091,0.350067406892776,0.321469932794571,0.399787813425064,0.588407695293427,0.581586480140686,0.534487783908844
706,0.562672197818756,0.6073277592659,0.652933955192566,0.365060895681381,0.370166838169098,0.412882417440414,0.577519774436951,0.581672728061676,0.528943002223969,0.533877611160278
707,0.642317295074463,0.632440268993378,0.364921033382416,0.360370457172394,0.410679340362549,0.569613039493561,0.563192486763,0.512008547782898,0.525498151779175,0.61113977432251
708,0.712664127349854,0.373554229736328,0.371490001678467,0.406293839216232,0.589586436748505,0.575900375843048,0.575047254562378,0.561408519744873,0.5877725481987,0.404857873916626
709,0.403992742300034,0.388655304908752,0.395342975854874,0.574391484260559,0.513332366943359,0.512286424636841,0.53566038608551,0.59520673751831,0.418518424034119,0.395332485437393
710,0.359319478273392,0.400141984224319,0.577809393405914,0.558841943740845,0.519381880760193,0.549863576889038,0.575232207775116,0.415461242198944,0.402406811714172,0.452662289142609
711,0.403166562318802,0.533434987068176,0.535102188587189,0.538643777370453,0.607820630073547,0.63637912273407,0.414234489202499,0.40079915523529,0.491250813007355,0.518788576126099
712,0.547351002693176,0.545684158802032,0.537085890769958,0.568940818309784,0.576766490936279,0.417486101388931,0.430609554052353,0.466279208660126,0.555950701236725,0.50278639793396
713,0.520346522331238,0.522063910961151,0.548904836177826,0.678013205528259,0.409943133592606,0.408693790435791,0.448516368865967,0.548807740211487,0.483861148357391,0.422975778579712
714,0.535757720470428,0.528721272945404,0.613909780979156,0.387907087802887,0.381045073270798,0.452072620391846,0.477666079998016,0.456651121377945,0.360935658216476,0.348359286785126
715,0.561599612236023,0.578395128250122,0.418984800577164,0.395856469869614,0.449994832277298,0.589865624904633,0.517536342144012,0.404954671859741,0.419596582651138,0.446842133998871
716,0.611703336238861,0.388297855854034,0.408688724040985,0.467987477779388,0.512920677661896,0.488897442817688,0.40956524014473,0.410931408405304,0.509235620498657,0.418229281902313
717,0.439280211925507,0.406717479228973,0.476132035255432,0.566106259822845,0.480452746152878,0.427694499492645,0.434612512588501,0.479028612375259,0.449057221412659,0.50608503818512
718,0.342400044202805,0.465721279382706,0.543928265571594,0.471817284822464,0.414816379547119,0.42389115691185,0.495659649372101,0.390837550163269,0.433977544307709,0.710810005664825
719,0.456560552120209,0.54864764213562,0.46083414554596,0.403835654258728,0.395313948392868,0.445011496543884,0.394397675991058,0.567902147769928,0.69623726606369,0.61913400888443
720,0.534822642803192,0.503684282302856,0.422287851572037,0.415035098791122,0.472457557916641,0.424724608659744,0.514609456062317,0.688558161258698,0.618698000907898,0.535709738731384
721,0.48929488658905,0.366212874650955,0.41937905550003,0.489340513944626,0.440713971853256,0.537835717201233,0.723859071731567,0.610069572925568,0.524850130081177,0.378966122865677
722,0.412432193756104,0.414678037166595,0.513612926006317,0.39668869972229,0.516478955745697,0.719785094261169,0.668246626853943,0.539343297481537,0.396669656038284,0.375911056995392
723,0.409244656562805,0.511312425136566,0.406423836946487,0.545314729213715,0.679046928882599,0.574062347412109,0.52313768863678,0.378051310777664,0.37813800573349,0.323887705802917
724,0.51834499835968,0.43917453289032,0.526965856552124,0.752913236618042,0.608181953430176,0.551940679550171,0.411108374595642,0.388243645429611,0.387716829776764,0.700439751148224
725,0.421709358692169,0.563247621059418,0.737450420856476,0.604388952255249,0.570717513561249,0.405069351196289,0.391878396272659,0.352634489536285,0.715026140213013,0.727218806743622
